custom/total_distance,custom/total_reward,custom/routes_completed,custom/avg_speed,custom/mean_reward,rollout/ep_rew_mean,time/fps,train/std,time/time_elapsed,rollout/ep_len_mean,time/episodes,time/total_timesteps,attention/steer/lidar,attention/steer_share/maneuver,attention/throttle_share/cam,attention/steer/sensors,attention/throttle/lidar,attention/throttle_share/prev_action,attention/steer/waypoints,attention/steer_share/cam,attention/steer_share/lidar,attention/steer_share/angle,attention/throttle/speed,attention/throttle_share/maneuver,attention/throttle_share/angle,attention/steer/speed,attention/throttle_share/waypoints,attention/throttle/sensors,attention/throttle/prev_action,attention/throttle_share/lidar,attention/throttle/angle,attention/steer/cam,attention/steer_share/waypoints,attention/throttle/route,attention/steer_share/prev_action,attention/throttle/cam,attention/steer/angle,attention/steer_sensors_vs_route,attention/steer/maneuver,attention/steer/prev_action,attention/steer/route,attention/throttle_share/speed,attention/steer_share/speed,attention/throttle/waypoints,attention/throttle/maneuver,train/n_updates,train/ent_coef,train/critic_loss,train/learning_rate,train/ent_coef_loss,train/actor_loss
22.188537181180436,-8.33678871276828,0.020657276995305163,16.63179230430119,-0.08594627538936371,,,,,,,,,,,,,,,,,,,,,,,,,,,,,,,,,,,,,,,,,,,,,,
9.983799781650305,-8.249994452305215,0.007640067911714771,11.225093827948964,-0.1269229915739264,,,,,,,,,,,,,,,,,,,,,,,,,,,,,,,,,,,,,,,,,,,,,,
51.465774185722694,-2.4887617739321284,0.041848299912816043,23.737518259691583,-0.015851985821223748,,,,,,,,,,,,,,,,,,,,,,,,,,,,,,,,,,,,,,,,,,,,,,
11.817500140488846,-8.569566788982486,0.012440191387559809,11.650603154596233,-0.11580495660787143,,,,,,,,,,,,,,,,,,,,,,,,,,,,,,,,,,,,,,,,,,,,,,
,,,,,-6.918223749999999,25,0.22313019633293152,15,97.25,4,389,,,,,,,,,,,,,,,,,,,,,,,,,,,,,,,,,,,,,,,
37.956974700675346,-8.744403753751843,0.03183023872679045,21.343884533555038,-0.0677860756104794,,,,,,,,,,,,,,,,,,,,,,,,,,,,,,,,,,,,,,,,,,,,,,
13.813325060997158,-6.7056307934933255,0.011607142857142858,13.271518647585149,-0.08823198412491218,,,,,,,,,,,,,,,,,,,,,,,,,,,,,,,,,,,,,,,,,,,,,,
15.761732424958609,-9.17319228036131,0.0125,12.607881113125913,-0.1008043107732012,,,,,,,,,,,,,,,,,,,,,,,,,,,,,,,,,,,,,,,,,,,,,,
33.68843053953606,-8.59011374929372,0.028253424657534245,18.38452124089163,-0.06458732142326104,,,,,,,,,,,,,,,,,,,,,,,,,,,,,,,,,,,,,,,,,,,,,,
,,,,,-7.61541,27,0.22313019633293152,29,101.75,8,814,,,,,,,,,,,,,,,,,,,,,,,,,,,,,,,,,,,,,,,
14.945668645901605,-9.262418027213503,0.011884550084889643,13.452304220274735,-0.114350839842142,,,,,,,,,,,,,,,,,,,,,,,,,,,,,,,,,,,,,,,,,,,,,,
10.589530524623115,-9.022622460273146,0.006944444444444444,11.366517498830014,-0.13268562441578155,,,,,,,,,,,,,,,,,,,,,,,,,,,,,,,,,,,,,,,,,,,,,,
11.091891026124358,-8.581417106977021,0.009361702127659575,12.077007982110588,-0.12808085234294062,,,,,,,,,,,,,,,,,,,,,,,,,,,,,,,,,,,,,,,,,,,,,,
11.204689761158079,-9.435419596079832,0.008361204013377926,11.201293644028949,-0.1292523232339703,,,,,,,,,,,,,,,,,,,,,,,,,,,,,,,,,,,,,,,,,,,,,,
,,,,,-8.104411666666666,26,0.22313019633293152,41,91.58333333333333,12,1099,,,,,,,,,,,,,,,,,,,,,,,,,,,,,,,,,,,,,,,
29.81448241212638,-8.38705219600755,0.025547445255474453,17.035265482983892,-0.06603978107092559,,,,,,,,,,,,,,,,,,,,,,,,,,,,,,,,,,,,,,,,,,,,,,
15.489627289352939,-9.436600920588837,0.01232394366197183,14.113810385087627,-0.11795751150736047,,,,,,,,,,,,,,,,,,,,,,,,,,,,,,,,,,,,,,,,,,,,,,
34.43440078760614,-5.340540165338276,0.03663366336633663,18.65456721839659,-0.03985477735327072,,,,,,,,,,,,,,,,,,,,,,,,,,,,,,,,,,,,,,,,,,,,,,
13.483293113764375,-9.102700358288853,0.0109151973131822,12.805837861427495,-0.11821688776998511,,,,,,,,,,,,,,,,,,,,,,,,,,,,,,,,,,,,,,,,,,,,,,
,,,,,-8.097304812500001,26,0.22313019633293152,56,94.5625,16,1513,,,,,,,,,,,,,,,,,,,,,,,,,,,,,,,,,,,,,,,
15.42393608391285,-7.607232994854568,0.0136986301369863,14.38977723950784,-0.09752862813916113,,,,,,,,,,,,,,,,,,,,,,,,,,,,,,,,,,,,,,,,,,,,,,
26.27241732389666,-6.059611090308083,0.02434928631402183,16.027082687229896,-0.05092110159922759,,,,,,,,,,,,,,,,,,,,,,,,,,,,,,,,,,,,,,,,,,,,,,
12.694812203146284,-7.623382529974425,0.01068566340160285,12.522285633906748,-0.10301868283749223,,,,,,,,,,,,,,,,,,,,,,,,,,,,,,,,,,,,,,,,,,,,,,
25.0140617917059,-5.775867627024113,0.02185792349726776,16.83086836648959,-0.05348025580577883,,,,,,,,,,,,,,,,,,,,,,,,,,,,,,,,,,,,,,,,,,,,,,
,,,,,-7.8330006999999995,27,0.22313019633293152,68,94.4,20,1888,,,,,,,,,,,,,,,,,,,,,,,,,,,,,,,,,,,,,,,
34.80728512746282,-4.05792391283438,0.03458498023715415,18.554200647861393,-0.02983767582966456,,,,,,,,,,,,,,,,,,,,,,,,,,,,,,,,,,,,,,,,,,,,,,
21.80116483103484,-8.099109411043958,0.019880715705765408,18.013693469695408,-0.09203533421640862,,,,,,,,,,,,,,,,,,,,,,,,,,,,,,,,,,,,,,,,,,,,,,
8.86003218521364,-8.369572741805964,0.008991008991008992,10.50432036515758,-0.13499310873880588,,,,,,,,,,,,,,,,,,,,,,,,,,,,,,,,,,,,,,,,,,,,,,
22.247830845881253,-7.881929264561268,0.01797945205479452,17.985126218047817,-0.08757699182845854,,,,,,,,,,,,,,,,,,,,,,,,,,,,,,,,,,,,,,,,,,,,,,
,,,,,-7.712733041666667,27,0.22313019633293152,82,94.16666666666667,24,2260,,,,,,,,,,,,,,,,,,,,,,,,,,,,,,,,,,,,,,,
8.439813994104043,-9.236000552019085,0.010700389105058366,10.823726401536812,-0.16203509740384361,,,,,,,,,,,,,,,,,,,,,,,,,,,,,,,,,,,,,,,,,,,,,,
29.095145972562023,-6.114622082005976,0.023417172593235037,17.743408522114,-0.05138337884038635,,,,,,,,,,,,,,,,,,,,,,,,,,,,,,,,,,,,,,,,,,,,,,
26.60047174358624,-5.39446957672665,0.022549869904596703,17.89631617606081,-0.049948792377098615,,,,,,,,,,,,,,,,,,,,,,,,,,,,,,,,,,,,,,,,,,,,,,
11.062034544534981,-8.053986934726826,0.011142061281337047,12.46852046665623,-0.12390749130348963,,,,,,,,,,,,,,,,,,,,,,,,,,,,,,,,,,,,,,,,,,,,,,
,,,,,-7.6407756071428565,27,0.22313019633293152,94,93.03571428571429,28,2605,,,,,,,,,,,,,,,,,,,,,,,,,,,,,,,,,,,,,,,
25.48370454250835,-8.61375625130742,0.01929530201342282,17.139287834503413,-0.07975700232692055,,,,,,,,,,,,,,,,,,,,,,,,,,,,,,,,,,,,,,,,,,,,,,
16.566223245463334,-8.488339414562931,0.014534883720930232,15.099933579188734,-0.10610424268203664,,,,,,,,,,,,,,,,,,,,,,,,,,,,,,,,,,,,,,,,,,,,,,
9.071150125120766,-9.325366314786795,0.006666666666666667,9.629804838228898,-0.13515023644618543,,,,,,,,,,,,,,,,,,,,,,,,,,,,,,,,,,,,,,,,,,,,,,
23.413822887465358,-7.671860897603454,0.020462633451957295,15.884102894009779,-0.07169963455704163,,,,,,,,,,,,,,,,,,,,,,,,,,,,,,,,,,,,,,,,,,,,,,
,,,,,-7.75244009375,27,0.22313019633293152,108,92.65625,32,2965,,,,,,,,,,,,,,,,,,,,,,,,,,,,,,,,,,,,,,,
10.259854035626631,-9.338372984684685,0.009235936188077247,11.394252432333353,-0.14149049976794978,,,,,,,,,,,,,,,,,,,,,,,,,,,,,,,,,,,,,,,,,,,,,,
12.950075164146256,-7.068600241025777,0.010230179028132993,12.11313768507209,-0.09062308001315099,,,,,,,,,,,,,,,,,,,,,,,,,,,,,,,,,,,,,,,,,,,,,,
11.408129199407995,-8.264354924099791,0.009115770282588878,13.2407064177625,-0.13118023689047287,,,,,,,,,,,,,,,,,,,,,,,,,,,,,,,,,,,,,,,,,,,,,,
34.335749540652614,-8.288368039582753,0.02468085106382979,19.917568532371824,-0.06630694431666202,,,,,,,,,,,,,,,,,,,,,,,,,,,,,,,,,,,,,,,,,,,,,,
,,,,,-7.80763397222222,26,0.22313019633293152,122,91.47222222222223,36,3293,,,,,,,,,,,,,,,,,,,,,,,,,,,,,,,,,,,,,,,
14.537489695241675,-6.665599720340603,0.01100762066045724,12.771710120569407,-0.08030843036554944,,,,,,,,,,,,,,,,,,,,,,,,,,,,,,,,,,,,,,,,,,,,,,
18.102881245082244,-8.087725256152769,0.014828544949026877,15.142806909659345,-0.09296235926612378,,,,,,,,,,,,,,,,,,,,,,,,,,,,,,,,,,,,,,,,,,,,,,
8.905451979720965,-8.71414004569142,0.008687258687258687,10.205466399773133,-0.13615843821392845,,,,,,,,,,,,,,,,,,,,,,,,,,,,,,,,,,,,,,,,,,,,,,
14.315260162111372,-8.458191902067599,0.012773722627737226,13.380312260294632,-0.10843835771881537,,,,,,,,,,,,,,,,,,,,,,,,,,,,,,,,,,,,,,,,,,,,,,
,,,,,-7.8259381,26,0.22313019633293152,133,90.025,40,3601,,,,,,,,,,,,,,,,,,,,,,,,,,,,,,,,,,,,,,,
41.12292165134568,-4.0187170117949735,0.03828197945845005,20.984117540077033,-0.028300824026725166,,,,,,,,,,,,,,,,,,,,,,,,,,,,,,,,,,,,,,,,,,,,,,
24.473092656524386,-9.020598197426867,0.021062271062271064,17.27985742619633,-0.087578623275989,,,,,,,,,,,,,,,,,,,,,,,,,,,,,,,,,,,,,,,,,,,,,,
8.229240515269339,-9.190898910692924,0.008294930875576038,10.404425503359551,-0.1584637743222918,,,,,,,,,,,,,,,,,,,,,,,,,,,,,,,,,,,,,,,,,,,,,,
14.152665535308188,-7.943326256970225,0.010970464135021098,12.732278058545841,-0.09806575625889168,,,,,,,,,,,,,,,,,,,,,,,,,,,,,,,,,,,,,,,,,,,,,,
,,,,,-7.8010933636363635,26,0.22313019633293152,148,90.47727272727273,44,3981,,,,,,,,,,,,,,,,,,,,,,,,,,,,,,,,,,,,,,,
24.955036141443998,-7.368829073988729,0.01904761904761905,16.95035566353788,-0.068867561439147,,,,,,,,,,,,,,,,,,,,,,,,,,,,,,,,,,,,,,,,,,,,,,
71.42496118496638,0.6837605432280718,0.062280701754385964,24.34695755126209,0.0032252855812644897,,,,,,,,,,,,,,,,,,,,,,,,,,,,,,,,,,,,,,,,,,,,,,
8.9075085404329,-8.393029032951373,0.00779896013864818,10.186882420511493,-0.1311410786398652,,,,,,,,,,,,,,,,,,,,,,,,,,,,,,,,,,,,,,,,,,,,,,
16.41172682843171,-9.255249270329365,0.013979496738117428,14.430577597795729,-0.11150902735336585,,,,,,,,,,,,,,,,,,,,,,,,,,,,,,,,,,,,,,,,,,,,,,
,,,,,-7.658718708333333,26,0.22313019633293152,165,92.5625,48,4443,,,,,,,,,,,,,,,,,,,,,,,,,,,,,,,,,,,,,,,
17.397791337687522,-7.720230531629659,0.017786561264822136,14.908597445229923,-0.09082624154858422,,,,,,,,,,,,,,,,,,,,,,,,,,,,,,,,,,,,,,,,,,,,,,
22.698553055990487,-6.649669174447672,0.017826825127334467,16.34122319165656,-0.06583830865789773,,,,,,,,,,,,,,,,,,,,,,,,,,,,,,,,,,,,,,,,,,,,,,
24.114404629915953,-8.459881164920738,0.02186878727634195,16.53141515613638,-0.07981019966906357,,,,,,,,,,,,,,,,,,,,,,,,,,,,,,,,,,,,,,,,,,,,,,
31.772848239168525,-7.3787731251330495,0.026785714285714284,18.440244156976604,-0.0590301850010644,,,,,,,,,,,,,,,,,,,,,,,,,,,,,,,,,,,,,,,,,,,,,,
,,,,,-7.651232596153846,26,0.22313019633293152,181,93.38461538461539,52,4856,,,,,,,,,,,,,,,,,,,,,,,,,,,,,,,,,,,,,,,
30.67159609659575,-5.3578656396453574,0.029693486590038315,18.38993345682516,-0.04427988131938312,,,,,,,,,,,,,,,,,,,,,,,,,,,,,,,,,,,,,,,,,,,,,,
30.35007448354736,-9.428486743573053,0.024207011686143573,18.991181948279035,-0.08128005813425046,,,,,,,,,,,,,,,,,,,,,,,,,,,,,,,,,,,,,,,,,,,,,,
25.14569813152775,-6.7094169025147625,0.018628281117696866,17.40156614966866,-0.06389920859537869,,,,,,,,,,,,,,,,,,,,,,,,,,,,,,,,,,,,,,,,,,,,,,
31.103535541915335,-8.709840998648076,0.026581118240146653,16.570604141193165,-0.06404294851947115,,,,,,,,,,,,,,,,,,,,,,,,,,,,,,,,,,,,,,,,,,,,,,
,,,,,-7.6447633928571435,26,0.22313019633293152,198,95.17857142857143,56,5330,,,,,,,,,,,,,,,,,,,,,,,,,,,,,,,,,,,,,,,
11.007480305153877,-8.714248426795903,0.01011029411764706,11.683388429002804,-0.1262934554608102,,,,,,,,,,,,,,,,,,,,,,,,,,,,,,,,,,,,,,,,,,,,,,
26.20458405185491,-8.038917837207128,0.02294792586054722,14.51506408767886,-0.06136578501684831,,,,,,,,,,,,,,,,,,,,,,,,,,,,,,,,,,,,,,,,,,,,,,
8.147402978269383,-9.208325551820487,0.006926406926406926,11.076499471198376,-0.17052454725593494,,,,,,,,,,,,,,,,,,,,,,,,,,,,,,,,,,,,,,,,,,,,,,
16.68544001504779,-7.372758447006225,0.01386481802426343,14.307955618675733,-0.08673833467066147,,,,,,,,,,,,,,,,,,,,,,,,,,,,,,,,,,,,,,,,,,,,,,
,,,,,-7.691146383333334,27,0.22313019633293152,209,94.41666666666667,60,5665,,,,,,,,,,,,,,,,,,,,,,,,,,,,,,,,,,,,,,,
22.70668926462531,-8.239448497525931,0.017964071856287425,15.868105793327613,-0.07922546632236473,,,,,,,,,,,,,,,,,,,,,,,,,,,,,,,,,,,,,,,,,,,,,,
14.885415393451694,-7.373381836493815,0.01366120218579235,12.188285053886519,-0.08284698692689679,,,,,,,,,,,,,,,,,,,,,,,,,,,,,,,,,,,,,,,,,,,,,,
14.5714850963559,-7.13211052661533,0.011986301369863013,12.795989221649481,-0.08592904248934133,,,,,,,,,,,,,,,,,,,,,,,,,,,,,,,,,,,,,,,,,,,,,,
31.375753592699766,-5.715065740641864,0.027580071174377226,20.157512484478733,-0.050575803014529776,,,,,,,,,,,,,,,,,,,,,,,,,,,,,,,,,,,,,,,,,,,,,,
,,,,,-7.65571615625,27,0.22313019633293152,221,94.53125,64,6050,,,,,,,,,,,,,,,,,,,,,,,,,,,,,,,,,,,,,,,
19.50067620887421,-8.737313412140864,0.018700787401574805,15.761233741764785,-0.09708126013489848,,,,,,,,,,,,,,,,,,,,,,,,,,,,,,,,,,,,,,,,,,,,,,
34.34072245674906,-8.02529155491461,0.027895181741335588,19.619785607268685,-0.0631912720859418,,,,,,,,,,,,,,,,,,,,,,,,,,,,,,,,,,,,,,,,,,,,,,
13.609963435097598,-8.655605452839561,0.00942507068803016,12.957610076526032,-0.11241046042648781,,,,,,,,,,,,,,,,,,,,,,,,,,,,,,,,,,,,,,,,,,,,,,
22.659669897519052,-6.854825445191482,0.01839464882943144,16.314458695562386,-0.067869558863282,,,,,,,,,,,,,,,,,,,,,,,,,,,,,,,,,,,,,,,,,,,,,,
,,,,,-7.680528132352942,27,0.22313019633293152,235,94.72058823529412,68,6441,,,,,,,,,,,,,,,,,,,,,,,,,,,,,,,,,,,,,,,
13.92648385814391,-6.8753604290763,0.011676396997497914,13.20871477266495,-0.0892903951828091,,,,,,,,,,,,,,,,,,,,,,,,,,,,,,,,,,,,,,,,,,,,,,
17.999478872166947,-7.965737968365747,0.013852813852813853,15.440476153243104,-0.09371456433371468,,,,,,,,,,,,,,,,,,,,,,,,,,,,,,,,,,,,,,,,,,,,,,
18.54931964946445,-5.53568832426639,0.016903914590747332,15.164539660824188,-0.062198745216476295,,,,,,,,,,,,,,,,,,,,,,,,,,,,,,,,,,,,,,,,,,,,,,
12.37783255171962,-8.951974283575048,0.010851419031719533,11.883129794378242,-0.117789135310198,,,,,,,,,,,,,,,,,,,,,,,,,,,,,,,,,,,,,,,,,,,,,,
,,,,,-7.661561888888888,27,0.22313019633293152,245,93.94444444444444,72,6764,,,,,,,,,,,,,,,,,,,,,,,,,,,,,,,,,,,,,,,
15.530288346781163,-8.773596359531485,0.011443661971830986,12.451414624252722,-0.0964131468080383,,,,,,,,,,,,,,,,,,,,,,,,,,,,,,,,,,,,,,,,,,,,,,
41.80127481510863,-4.080325561459678,0.04007820136852395,20.059535371103472,-0.027022023585825682,,,,,,,,,,,,,,,,,,,,,,,,,,,,,,,,,,,,,,,,,,,,,,
8.634425813797861,-8.878446510453006,0.006993006993006993,10.910631877157607,-0.1530766639733277,,,,,,,,,,,,,,,,,,,,,,,,,,,,,,,,,,,,,,,,,,,,,,
13.839269444579259,-8.816078459818126,0.012411347517730497,13.460005386048438,-0.11754771279757502,,,,,,,,,,,,,,,,,,,,,,,,,,,,,,,,,,,,,,,,,,,,,,
,,,,,-7.660762447368421,27,0.22313019633293152,259,93.88157894736842,76,7135,,,,,,,,,,,,,,,,,,,,,,,,,,,,,,,,,,,,,,,
14.903548215748742,-6.969660900730126,0.013966480446927373,14.902207056492832,-0.0954748068593168,,,,,,,,,,,,,,,,,,,,,,,,,,,,,,,,,,,,,,,,,,,,,,
12.588609014637768,-7.267964153356235,0.010084033613445379,13.30285839333537,-0.10533281381675703,,,,,,,,,,,,,,,,,,,,,,,,,,,,,,,,,,,,,,,,,,,,,,
12.702444787311833,-8.139480071330361,0.012512030798845043,12.90827391112427,-0.11304833432403279,,,,,,,,,,,,,,,,,,,,,,,,,,,,,,,,,,,,,,,,,,,,,,
7.225253923796117,-9.187917332545839,0.006756756756756757,10.423004194681175,-0.18015524181462428,,,,,,,,,,,,,,,,,,,,,,,,,,,,,,,,,,,,,,,,,,,,,,
,,,,,-7.6726343875,27,0.22313019633293152,268,92.45,80,7396,,,,,,,,,,,,,,,,,,,,,,,,,,,,,,,,,,,,,,,
51.7092066174373,-7.915402642285576,0.044365572315882874,23.848705833625434,-0.050416577339398576,,,,,,,,,,,,,,,,,,,,,,,,,,,,,,,,,,,,,,,,,,,,,,
10.326070962051745,-8.190371010481009,0.00937207122774133,9.554237175607392,-0.103675582411152,,,,,,,,,,,,,,,,,,,,,,,,,,,,,,,,,,,,,,,,,,,,,,
5.632713297265582,-9.384974455129512,0.0034393809114359416,8.317650266152087,-0.18769948910259024,,,,,,,,,,,,,,,,,,,,,,,,,,,,,,,,,,,,,,,,,,,,,,
17.35533979954198,-7.473642727535463,0.01267962806424345,14.069850343037569,-0.08304047475039403,,,,,,,,,,,,,,,,,,,,,,,,,,,,,,,,,,,,,,,,,,,,,,
,,,,,-7.70014507142857,27,0.22313019633293152,282,92.47619047619048,84,7768,,,,,,,,,,,,,,,,,,,,,,,,,,,,,,,,,,,,,,,
12.913255879189819,-7.347444208868204,0.011861313868613138,12.721701721764727,-0.09928978660632708,,,,,,,,,,,,,,,,,,,,,,,,,,,,,,,,,,,,,,,,,,,,,,
21.332128495851066,-7.308768070064928,0.018682399213372666,16.361259574469802,-0.07693440073752555,,,,,,,,,,,,,,,,,,,,,,,,,,,,,,,,,,,,,,,,,,,,,,
27.638098943745717,-5.077512073972682,0.02436738519212746,16.714423494868566,-0.04231260061643902,,,,,,,,,,,,,,,,,,,,,,,,,,,,,,,,,,,,,,,,,,,,,,
17.00058050372172,-8.349919455132257,0.01447876447876448,14.420221488531855,-0.09709208668758439,,,,,,,,,,,,,,,,,,,,,,,,,,,,,,,,,,,,,,,,,,,,,,
,,,,,-7.669691738636363,27,0.22313019633293152,297,92.48863636363636,88,8139,,,,,,,,,,,,,,,,,,,,,,,,,,,,,,,,,,,,,,,
5.287452205084264,-8.970615125231577,0.004222972972972973,8.13640583797032,-0.1868878151089912,,,,,,,,,,,,,,,,,,,,,,,,,,,,,,,,,,,,,,,,,,,,,,
7.534008721951977,-9.33629039080244,0.007266121707538601,9.083528278903138,-0.15305394083282686,,,,,,,,,,,,,,,,,,,,,,,,,,,,,,,,,,,,,,,,,,,,,,
39.93764820339857,-9.378137503141543,0.03735632183908046,21.924265095999534,-0.07104649623592078,,,,,,,,,,,,,,,,,,,,,,,,,,,,,,,,,,,,,,,,,,,,,,
15.215008651895914,-9.34447688461189,0.016798418972332016,13.872693842282064,-0.11680596105764862,,,,,,,,,,,,,,,,,,,,,,,,,,,,,,,,,,,,,,,,,,,,,,
,,,,,-7.739023652173912,27,0.22313019633293152,309,91.91304347826087,92,8456,,,,,,,,,,,,,,,,,,,,,,,,,,,,,,,,,,,,,,,
42.24189870711416,-4.331962231176443,0.038350910834132314,22.187983087370387,-0.031391030660698864,,,,,,,,,,,,,,,,,,,,,,,,,,,,,,,,,,,,,,,,,,,,,,
14.561593550955877,-8.837570707277763,0.01266891891891892,13.126444172446504,-0.10910581120096004,,,,,,,,,,,,,,,,,,,,,,,,,,,,,,,,,,,,,,,,,,,,,,
34.09849441604456,-5.6945705734948335,0.02973240832507433,17.920071234399646,-0.04126500415575966,,,,,,,,,,,,,,,,,,,,,,,,,,,,,,,,,,,,,,,,,,,,,,
20.1942642951617,-8.91647866201099,0.01937984496124031,15.953132062167734,-0.09691824632620641,,,,,,,,,,,,,,,,,,,,,,,,,,,,,,,,,,,,,,,,,,,,,,
,,,,,-7.706331281249999,27,0.22313019633293152,325,92.71875,96,8901,,,,,,,,,,,,,,,,,,,,,,,,,,,,,,,,,,,,,,,
21.95920586574357,-8.708184013978451,0.01977401129943503,14.899446871027228,-0.08138489732690142,,,,,,,,,,,,,,,,,,,,,,,,,,,,,,,,,,,,,,,,,,,,,,
39.15376657998422,-7.987252559545641,0.038,19.29635647783363,-0.05433505142548055,,,,,,,,,,,,,,,,,,,,,,,,,,,,,,,,,,,,,,,,,,,,,,
34.05500130436849,-7.453634067641436,0.02756244616709733,17.888987072506215,-0.05401184106986547,,,,,,,,,,,,,,,,,,,,,,,,,,,,,,,,,,,,,,,,,,,,,,
44.86179701634683,-8.098817490629234,0.03595890410958904,23.55347715248837,-0.05868708326542923,,,,,,,,,,,,,,,,,,,,,,,,,,,,,,,,,,,,,,,,,,,,,,
,,,,,-7.720927349999999,27,0.22313019633293152,343,94.27,100,9427,,,,,,,,,,,,,,,,,,,,,,,,,,,,,,,,,,,,,,,
11.984029057435691,-7.5501528476864,0.010999083409715857,11.958326091815069,-0.10342675133816986,,,,,,,,,,,,,,,,,,,,,,,,,,,,,,,,,,,,,,,,,,,,,,
30.964159343304345,-9.025089938547492,0.02294792586054722,18.137888723659902,-0.072782983375383,,,,,,,,,,,,,,,,,,,,,,,,,,,,,,,,,,,,,,,,,,,,,,
67.24716094811447,-3.986749191244992,0.05767524401064774,24.78776072981653,-0.020340557098188734,,,,,,,,,,,,,,,,,,,,,,,,,,,,,,,,,,,,,,,,,,,,,,
6.85053235446685,-9.069470770028726,0.004985044865403789,9.466688179697424,-0.171122090000542,,,,,,,,,,,,,,,,,,,,,,,,,,,,,,,,,,,,,,,,,,,,,,
,,,,,-7.74079086,27,0.22313019633293152,357,94.8,104,9869,,,,,,,,,,,,,,,,,,,,,,,,,,,,,,,,,,,,,,,
6.688894328195602,-8.884762897790687,0.005136986301369863,10.507715283951319,-0.18903750846363163,,,,,,,,,,,,,,,,,,,,,,,,,,,,,,,,,,,,,,,,,,,,,,
,,,,,,,,,,,,0.02670872025191784,1.197352647781372,49.602413177490234,0.056913815438747406,0.013742701150476933,6.552346229553223,0.004111236892640591,49.579872131347656,25.267942428588867,6.422092437744141,0.0032779874745756388,1.7567152976989746,4.00570011138916,0.0072981854900717735,5.113399505615234,0.027935326099395752,0.0033826916478574276,26.619903564453125,0.002067968947812915,0.0524069182574749,3.8894600868225098,0.004074782133102417,6.738781452178955,0.025607571005821228,0.006788279861211777,5.935733795166016,0.0012656255858018994,0.007123026996850967,0.009588335640728474,6.349531650543213,6.904491424560547,0.0026398261543363333,0.0009069158113561571,,,,,,
20.541411769459955,-8.883789176171497,0.018656716417910446,16.428936795525445,-0.09762405688100546,,,,,,,,,,,,,,,,,,,,,,,,,,,,,,,,,,,,,,,,,4,0.9997000694274902,1.454521656036377,9.998009303579618e-05,-0.0009541497565805912,-1.5066404342651367
10.712948922999203,-9.31427926468075,0.008211678832116789,10.072321618241055,-0.11941383672667627,,,,,,,,,,,,,,,,,,,,,,,,,,,,,,,,,,,,,,,,,81,0.9920275807380676,1.8225804567337036,9.99799398211843e-05,-0.02711891382932663,-4.032299518585205
14.04536616729456,-8.384991397638844,0.011039558417663294,11.520073754659322,-0.09421338649032408,,,,,,,,,,,,,,,,,,,,,,,,,,,,,,,,,,,,,,,,,169,0.9832877516746521,0.8129842281341553,9.997976471891517e-05,-0.05889085307717323,-5.999535083770752
,,,,,-7.76333567,27,0.2231006622314453,371,93.56,108,10170,,,,,,,,,,,,,,,,,,,,,,,,,,,,,,,,,,,,,,,
15.667727164167445,-8.784013543958316,0.014591439688715954,14.472730986055698,-0.11119004486023186,,,,,,,,,,,,,,,,,,,,,,,,,,,,,,,,,,,,,,,,,247,0.9757022261619568,0.12210703641176224,9.997960951476005e-05,-0.07481720298528671,-6.67255973815918
12.049112419277662,-9.355891503732602,0.008635578583765112,10.992515717041773,-0.11694864379665752,,,,,,,,,,,,,,,,,,,,,,,,,,,,,,,,,,,,,,,,,326,0.9680627584457397,1.7430843114852905,9.997945232093144e-05,-0.09957579523324966,-8.146636009216309
4.987042017906788,-9.540792261198094,0.0026595744680851063,6.45617080620596,-0.16738232037189638,,,,,,,,,,,,,,,,,,,,,,,,,,,,,,,,,,,,,,,,,382,0.9626649022102356,0.32097622752189636,9.997934089246995e-05,-0.12670165300369263,-9.784536361694336
18.18314868141897,-8.761513214602545,0.015070921985815602,14.707068133979465,-0.09735014682891716,,,,,,,,,,,,,,,,,,,,,,,,,,,,,,,,,,,,,,,,,471,0.9541181325912476,1.0277793407440186,9.997916380093633e-05,-0.1613222062587738,-10.999744415283203
,,,,,-7.7647390099999996,27,0.2230827659368515,385,93.73,112,10472,,,,,,,,,,,,,,,,,,,,,,,,,,,,,,,,,,,,,,,
80.60637325479183,-7.355786146902064,0.06446140797285835,25.021672070192718,-0.031569897626189114,,,,,,,,,,,,,,,,,,,,,,,,,,,,,,,,,,,,,,,,,703,0.9323341250419617,0.6425104141235352,9.997870216981438e-05,-0.23165574669837952,-14.660600662231445
18.766707073431462,-5.318170520317374,0.017142857142857144,13.777618251553555,-0.053718894144619944,,,,,,,,,,,,,,,,,,,,,,,,,,,,,,,,,,,,,,,,,801,0.9231739640235901,0.5553123950958252,9.997850717078293e-05,-0.2548440098762512,-15.94155502319336
16.30778909428045,-8.888713917898633,0.015625,13.981477538232369,-0.10457310491645451,,,,,,,,,,,,,,,,,,,,,,,,,,,,,,,,,,,,,,,,,885,0.9154154062271118,0.8887876272201538,9.997834002890809e-05,-0.31001436710357666,-17.04839515686035
18.767715845955536,-7.682312685688185,0.014782608695652174,15.190138360917867,-0.08535902984097983,,,,,,,,,,,,,,,,,,,,,,,,,,,,,,,,,,,,,,,,,974,0.9073935747146606,0.8432491421699524,9.997816293826533e-05,-0.3045489192008972,-17.544696807861328
,,,,,-7.73451991,26,0.22304843366146088,410,94.62,116,10975,,,,,,,,,,,,,,,,,,,,,,,,,,,,,,,,,,,,,,,
9.690524296369404,-8.291650889292761,0.008637236084452975,12.263965804378248,-0.1429594980912545,,,,,,,,,,,,,,,,,,,,,,,,,,,,,,,,,,,,,,,,,1031,0.9021933078765869,0.7538094520568848,9.997804952074548e-05,-0.30482572317123413,-18.71514129638672
18.1888702873257,-6.705156370516203,0.015126050420168067,15.759477582302303,-0.07982329012519289,,,,,,,,,,,,,,,,,,,,,,,,,,,,,,,,,,,,,,,,,1114,0.894754946231842,1.0498013496398926,9.99778843690339e-05,-0.35972851514816284,-18.313968658447266
21.306649231992196,-6.358262690061245,0.01685891748003549,16.85520242923585,-0.06911155097892659,,,,,,,,,,,,,,,,,,,,,,,,,,,,,,,,,,,,,,,,,1205,0.8867796063423157,0.8522703647613525,9.997770329924265e-05,-0.4052911400794983,-20.10840606689453
18.08868269540835,-7.784309006960245,0.019267822736030827,15.14407664915938,-0.08947481617195684,,,,,,,,,,,,,,,,,,,,,,,,,,,,,,,,,,,,,,,,,1291,0.8791468739509583,1.0964473485946655,9.997753217849249e-05,-0.429256796836853,-19.140657424926758
,,,,,-7.755252770000002,26,0.2230362445116043,427,94.04,120,11292,,,,,,,,,,,,,,,,,,,,,,,,,,,,,,,,,,,,,,,
15.497343071503565,-8.641824201821864,0.012280701754385965,13.603097254172441,-0.10411836387737185,,,,,,,,,,,,,,,,,,,,,,,,,,,,,,,,,,,,,,,,,1373,0.8719522356987,0.9853099584579468,9.997736901698404e-05,-0.46054065227508545,-21.168285369873047
18.481621802784503,-7.8323222189256025,0.014297729184188394,14.947773212321714,-0.0870258024325067,,,,,,,,,,,,,,,,,,,,,,,,,,,,,,,,,,,,,,,,,1462,0.8642558455467224,0.6341845989227295,9.997719192720558e-05,-0.5323725938796997,-23.302047729492188
12.23390723997727,-9.277343876255433,0.006055363321799308,13.939311725520964,-0.14495849806649114,,,,,,,,,,,,,,,,,,,,,,,,,,,,,,,,,,,,,,,,,1525,0.8588128685951233,1.008514404296875,9.997706657161497e-05,-0.5314263701438904,-22.495716094970703
40.19319845188875,-8.187573945174888,0.032506415739948676,20.66914252734091,-0.058067900320389276,,,,,,,,,,,,,,,,,,,,,,,,,,,,,,,,,,,,,,,,,1665,0.8469715118408203,1.3506534099578857,9.997678800391863e-05,-0.6097536087036133,-22.443618774414062
,,,,,-7.810465449999999,26,0.22302280366420746,447,94.06,124,11666,,,,,,,,,,,,,,,,,,,,,,,,,,,,,,,,,,,,,,,
71.04414560442092,-7.472239170168111,0.0691699604743083,24.34260949525088,-0.035413455782787255,,,,,,,,,,,,,,,,,,,,,,,,,,,,,,,,,,,,,,,,,1875,0.8294380307197571,1.269124984741211,9.997637015310548e-05,-0.5147910714149475,-23.67094612121582
8.037428671843372,-8.814806343316034,0.00861244019138756,9.816074541206552,-0.14691343905526724,,,,,,,,,,,,,,,,,,,,,,,,,,,,,,,,,,,,,,,,,1934,0.8246327042579651,1.3949109315872192,9.997625275708254e-05,-0.6326370239257812,-22.44333839416504
8.003359891969012,-9.247086522050118,0.007266121707538601,9.805279687944086,-0.1541181087008353,,,,,,,,,,,,,,,,,,,,,,,,,,,,,,,,,,,,,,,,,1993,0.8197596073150635,1.1561894416809082,9.997613536112889e-05,-0.6859461665153503,-23.973407745361328
17.972877412685193,-6.814613115093722,0.017159199237368923,13.618598457778402,-0.07098555328222626,,,,,,,,,,,,,,,,,,,,,,,,,,,,,,,,,,,,,,,,,2088,0.8120558261871338,0.9224573373794556,9.997594633389146e-05,-0.6709343194961548,-24.345787048339844
,,,,,-7.84586949,25,0.22297979891300201,466,94.84,128,12089,,,,,,,,,,,,,,,,,,,,,,,,,,,,,,,,,,,,,,,
14.52200977987377,-9.389464557392396,0.011638316920322292,13.771811450205547,-0.12194109814795319,,,,,,,,,,,,,,,,,,,,,,,,,,,,,,,,,,,,,,,,,2164,0.8059706687927246,1.1975018978118896,9.997579511223082e-05,-0.7292438745498657,-24.587055206298828
22.243899257853627,-7.575055762453356,0.027237354085603113,15.389847778703745,-0.07214338821384149,,,,,,,,,,,,,,,,,,,,,,,,,,,,,,,,,,,,,,,,,2268,0.7977281808853149,1.2003960609436035,9.997558817751305e-05,-0.6911925673484802,-22.88603973388672
49.5562119090755,-7.66633901060728,0.0471976401179941,18.868400407817358,-0.040349152687406735,,,,,,,,,,,,,,,,,,,,,,,,,,,,,,,,,,,,,,,,,2457,0.7829141616821289,0.9164990782737732,9.997521211400966e-05,-0.8575893640518188,-26.188581466674805
150.6953613209189,3.0370224970868254,0.12724014336917563,30.388204591130947,0.00848330306448834,,,,,,,,,,,,,,,,,,,,,,,,,,,,,,,,,,,,,,,,,2814,0.7557400465011597,1.2582920789718628,9.997450177377603e-05,-1.0334444046020508,-25.634449005126953
,,,,,-7.720814650000001,25,0.22296106815338135,503,98.5,132,12815,,,,,,,,,,,,,,,,,,,,,,,,,,,,,,,,,,,,,,,
27.032523325062357,-7.1198123277264465,0.02508361204013378,15.203488763952715,-0.05519234362578641,,,,,,,,,,,,,,,,,,,,,,,,,,,,,,,,,,,,,,,,,2942,0.746290385723114,1.0352904796600342,9.997424708657887e-05,-0.9870556592941284,-27.366552352905273
86.38191008422291,-6.966085586089218,0.07904411764705882,22.6078486626896,-0.02523944052930876,,,,,,,,,,,,,,,,,,,,,,,,,,,,,,,,,,,,,,,,,3217,0.7263668179512024,0.8200104832649231,9.997369990815644e-05,-1.080672264099121,-26.95006561279297
53.75419773138128,1.1595428322811827,0.05018248175182482,21.26216071570827,0.006336299629951818,,,,,,,,,,,,,,,,,,,,,,,,,,,,,,,,,,,,,,,,,3399,0.7134940028190613,0.805171012878418,9.997333777635535e-05,-1.1144530773162842,-26.595809936523438
199.1123426691629,-1.4494947082243375,0.1718213058419244,29.800579828504414,-0.0030072504320007,,,,,,,,,,,,,,,,,,,,,,,,,,,,,,,,,,,,,,,,,3880,0.6804593205451965,1.1870219707489014,9.997238071691128e-05,-1.2664430141448975,-26.161848068237305
,,,,,-7.53497619,25,0.2229042649269104,551,105.88,136,13881,,,,,,,,,,,,,,,,,,,,,,,,,,,,,,,,,,,,,,,
56.30247913300991,-5.947378244264978,0.048576214405360134,21.659972872292684,-0.03163499066098392,,,,,,,,,,,,,,,,,,,,,,,,,,,,,,,,,,,,,,,,,4067,0.6679726243019104,0.908313512802124,9.997200863891087e-05,-1.1970949172973633,-24.311595916748047
21.08379097620491,-7.2523097547186985,0.018485915492957746,13.674544753579015,-0.06475276566713124,,,,,,,,,,,,,,,,,,,,,,,,,,,,,,,,,,,,,,,,,4178,0.6607151031494141,0.8073910474777222,9.997178778010606e-05,-1.3873157501220703,-26.026744842529297
24.240028199739754,-5.053496323686721,0.022388059701492536,16.44852180656018,-0.04722893760454879,,,,,,,,,,,,,,,,,,,,,,,,,,,,,,,,,,,,,,,,,4284,0.6538308262825012,0.9709218144416809,9.997157687012493e-05,-1.3168925046920776,-26.090633392333984
174.31928629800677,23.224346536603306,0.15745079662605435,23.54473519538358,0.043491285649069865,,,,,,,,,,,,,,,,,,,,,,,,,,,,,,,,,,,,,,,,,4817,0.6204445362091064,0.6482518315315247,9.997051635445772e-05,-1.4039578437805176,-24.444162368774414
,,,,,-7.166007990000001,24,0.22281743586063385,598,112.17,140,14818,,,,,,,,,,,,,,,,,,,,,,,,,,,,,,,,,,,,,,,
140.01624897045258,-3.7186268669753737,0.12659380692167577,25.572844652834913,-0.009414245232849047,,,,,,,,,,,,,,,,,,,,,,,,,,,,,,,,,,,,,,,,,5211,0.5968512892723083,0.5496128797531128,9.996973241217647e-05,-1.520058274269104,-24.149738311767578
202.93142218567664,24.108956370753795,0.19306466729147143,25.40542226279725,0.04185582703255867,,,,,,,,,,,,,,,,,,,,,,,,,,,,,,,,,,,,,,,,,5786,0.5640822052955627,0.7247945070266724,9.996858833951808e-05,-1.6499598026275635,-24.544078826904297
439.24259221885586,40.063427740244045,0.37553464499572287,27.17627576155271,0.0343892083607245,,,,,,,,,,,,,,,,,,,,,,,,,,,,,,,,,,,,,,,,,6950,0.5029377937316895,0.3706372380256653,9.996627235865986e-05,-2.3106298446655273,-23.51820182800293
25.125170264946064,-6.943871931645344,0.024366471734892786,15.195145559083182,-0.05786559943037786,,,,,,,,,,,,,,,,,,,,,,,,,,,,,,,,,,,,,,,,,7069,0.49704477190971375,0.2676670551300049,9.996603558894008e-05,-2.187849998474121,-23.105754852294922
,,,,,-6.32917374,24,0.22270990908145905,701,130.89,144,17070,,,,,,,,,,,,,,,,,,,,,,,,,,,,,,,,,,,,,,,
45.972348305396736,-2.458181435982544,0.04448742746615087,20.53619054027857,-0.015173959481373728,,,,,,,,,,,,,,,,,,,,,,,,,,,,,,,,,,,,,,,,,7230,0.4891485869884491,0.360128790140152,9.996571525388536e-05,-1.9815781116485596,-21.92220115661621
278.88961997564184,38.8766814179827,0.2788844621513944,26.523404974829408,0.05128849791290594,,,,,,,,,,,,,,,,,,,,,,,,,,,,,,,,,,,,,,,,,7987,0.45386818051338196,0.43583089113235474,9.99642090891451e-05,-1.9107517004013062,-21.71541404724121
232.89998446035315,40.73645355782201,0.19584055459272098,23.38898392162804,0.05673600774069918,,,,,,,,,,,,,,,,,,,,,,,,,,,,,,,,,,,,,,,,,8704,0.4228193163871765,0.30085980892181396,9.996278252090418e-05,-2.425947666168213,-20.53771209716797
135.57614257151727,15.057302701617303,0.12330009066183137,24.89478668440899,0.03831374733235955,,,,,,,,,,,,,,,,,,,,,,,,,,,,,,,,,,,,,,,,,9096,0.406725138425827,0.2398296594619751,9.996200258833931e-05,-2.6836462020874023,-19.5029239654541
,,,,,-5.163717709999999,23,0.22260870039463043,802,146.54,148,19097,,,,,,,,,,,,,,,,,,,,,,,,,,,,,,,,,,,,,,,
38.16760492173489,-4.851036899934697,0.0377906976744186,15.698323383893074,-0.02756270965871987,,,,,,,,,,,,,,,,,,,,,,,,,,,,,,,,,,,,,,,,,9271,0.39980876445770264,0.23163124918937683,9.996165440514585e-05,-2.5240626335144043,-20.803598403930664
8.963068812212441,-8.683394172840881,0.00862895493767977,10.599612366970513,-0.14005474472324,,,,,,,,,,,,,,,,,,,,,,,,,,,,,,,,,,,,,,,,,9332,0.39744332432746887,0.22007375955581665,9.996153303857593e-05,-3.1468029022216797,-20.47228240966797
35.01440605625976,-5.755022906343203,0.030884808013355594,16.685252191968566,-0.03786199280488949,,,,,,,,,,,,,,,,,,,,,,,,,,,,,,,,,,,,,,,,,9483,0.3915596306324005,0.5950308442115784,9.996123260689353e-05,-4.608090400695801,-20.413124084472656
189.37586389968055,4.824087226092024,0.15758591785414922,27.757902686774237,0.009805055337585415,,,,,,,,,,,,,,,,,,,,,,,,,,,,,,,,,,,,,,,,,9974,0.3729420304298401,0.157479390501976,9.996025570965873e-05,-3.574273109436035,-19.73664093017578
,,,,,-5.00619324,23,0.222561314702034,844,151.19,152,19975,,,,,,,,,,,,,,,,,,,,,,,,,,,,,,,,,,,,,,,
,,,,,,,,,,,,0.070529505610466,1.8884526491165161,39.64299774169922,0.23235101997852325,0.008310871198773384,15.176920890808105,0.2411232888698578,24.97875213623047,9.126372337341309,1.4788784980773926,0.00392536586150527,4.135637283325195,2.002715826034546,0.02410896122455597,16.953779220581055,0.02565203234553337,0.00840767938643694,15.002169609069824,0.0011094603687524796,0.19303825497627258,31.200857162475586,0.010960293002426624,28.207056045532227,0.02196134626865387,0.011428918689489365,0.9278559684753418,0.014594148844480515,0.21798691153526306,0.2504171133041382,7.085780143737793,3.119649648666382,0.009392020292580128,0.0022910519037395716,9999,0.37202024459838867,0.2611802816390991,9.996020596960201e-05,-2.9097046852111816,-19.65093231201172
192.24410567851737,29.200791075646443,0.18075539568345322,29.189316402329258,0.06147534963293988,,,,,,,,,,,,,,,,,,,,,,,,,,,,,,,,,,,,,,,,,10448,0.3558681607246399,0.2353818416595459,9.995931264030101e-05,-3.4198031425476074,-19.29877471923828
96.69142160308547,1.1476780298006997,0.08340498710232158,19.432432878528473,0.0031968747348208905,,,,,,,,,,,,,,,,,,,,,,,,,,,,,,,,,,,,,,,,,10806,0.34348225593566895,0.16197657585144043,9.995860036725189e-05,-3.329151153564453,-17.643875122070312
254.13864704454318,42.37113490245913,0.23404255319148937,23.107573794277126,0.053431443760982515,,,,,,,,,,,,,,,,,,,,,,,,,,,,,,,,,,,,,,,,,11598,0.3175518810749054,0.28234031796455383,9.995702462141236e-05,-3.553226947784424,-17.000797271728516
499.4956032555783,82.22288606252886,0.455743879472693,28.45504057040462,0.06499832890318487,,,,,,,,,,,,,,,,,,,,,,,,,,,,,,,,,,,,,,,,,12862,0.28015729784965515,0.16511055827140808,9.99545098205769e-05,-3.640674114227295,-16.238712310791016
,,,,,-3.15471223,23,0.222334086894989,975,175.33,156,22863,,,,,,,,,,,,,,,,,,,,,,,,,,,,,,,,,,,,,,,
22.568621516707935,-6.76425932238733,0.021139705882352942,13.317264327919672,-0.0549939782307913,,,,,,,,,,,,,,,,,,,,,,,,,,,,,,,,,,,,,,,,,12984,0.27676182985305786,0.13364942371845245,9.995426709622934e-05,-3.6952335834503174,-15.841164588928223
483.8892935659387,84.1074395200357,0.41594454072790293,30.996835109196553,0.07476216846225395,,,,,,,,,,,,,,,,,,,,,,,,,,,,,,,,,,,,,,,,,14108,0.2476089894771576,0.09459152817726135,9.995203086289685e-05,-4.1338396072387695,-13.932332992553711
414.47815817582887,67.40387331072641,0.38838475499092556,29.95540220066093,0.06760669339089911,,,,,,,,,,,,,,,,,,,,,,,,,,,,,,,,,,,,,,,,,15104,0.22437314689159393,0.11398215591907501,9.995004931059763e-05,-5.2942047119140625,-13.789636611938477
153.85878909029998,2.0607563258217194,0.14405986903648269,29.202170205802073,0.0054230429626887355,,,,,,,,,,,,,,,,,,,,,,,,,,,,,,,,,,,,,,,,,15483,0.21610938012599945,0.2184259444475174,9.994929529136372e-05,-4.762231349945068,-13.125089645385742
,,,,,-1.3533842400000002,22,0.22215251624584198,1108,198.19,160,25484,,,,,,,,,,,,,,,,,,,,,,,,,,,,,,,,,,,,,,,
30.57062169048004,-6.167566046650469,0.029493087557603687,13.184210535769125,-0.036711702658633744,,,,,,,,,,,,,,,,,,,,,,,,,,,,,,,,,,,,,,,,,15650,0.21251361072063446,0.08493279665708542,9.994896304632888e-05,-3.9736595153808594,-13.014192581176758
30.334429482580163,-4.346581364810427,0.028284671532846715,14.642309679029264,-0.02897720909873618,,,,,,,,,,,,,,,,,,,,,,,,,,,,,,,,,,,,,,,,,15799,0.20938457548618317,0.14083285629749298,9.994866661260459e-05,-5.07114315032959,-12.399223327636719
28.810344601108227,-8.575614121204408,0.02626641651031895,17.27213048502817,-0.07087284397689593,,,,,,,,,,,,,,,,,,,,,,,,,,,,,,,,,,,,,,,,,15919,0.20688949525356293,0.08507615327835083,9.99484278743559e-05,-5.431504249572754,-12.903093338012695
212.40068735508248,14.553400088085418,0.20781696854146806,21.849214302932207,0.020760913107111867,,,,,,,,,,,,,,,,,,,,,,,,,,,,,,,,,,,,,,,,,16619,0.19305135309696198,0.11068714410066605,9.994703524028305e-05,-4.985292434692383,-11.506080627441406
,,,,,-1.1141477800000004,22,0.22204624116420746,1164,205.7,164,26620,,,,,,,,,,,,,,,,,,,,,,,,,,,,,,,,,,,,,,,
52.290149081949494,-7.666893893688005,0.04897159647404505,20.89937313193914,-0.04235852979938125,,,,,,,,,,,,,,,,,,,,,,,,,,,,,,,,,,,,,,,,,16799,0.18964454531669617,0.10834433138370514,9.99466771359547e-05,-4.908428192138672,-11.02517318725586
484.24570554716047,97.29282027640156,0.4761431411530815,34.416047913517936,0.0959495268998043,,,,,,,,,,,,,,,,,,,,,,,,,,,,,,,,,,,,,,,,,17812,0.17156824469566345,0.06850067526102066,9.994466181639806e-05,-5.474522590637207,-11.208681106567383
411.00063474918716,82.70387592801582,0.35181975736568455,34.96731993891624,0.09764330097758657,,,,,,,,,,,,,,,,,,,,,,,,,,,,,,,,,,,,,,,,,18658,0.15777912735939026,0.044356949627399445,9.99429787517456e-05,-5.600593566894531,-10.312653541564941
176.6328053276884,2.2377267910125394,0.1490787269681742,28.32184333573822,0.004972726202250088,,,,,,,,,,,,,,,,,,,,,,,,,,,,,,,,,,,,,,,,,19107,0.15090693533420563,0.056829504668712616,9.994208549981364e-05,-5.526379585266113,-9.494317054748535
,,,,,0.9542578599999998,22,0.2219451665878296,1287,226.67,168,29108,,,,,,,,,,,,,,,,,,,,,,,,,,,,,,,,,,,,,,,
7.733011419419199,-9.08959306752358,0.007905138339920948,9.003314676090614,-0.14427925504005684,,,,,,,,,,,,,,,,,,,,,,,,,,,,,,,,,,,,,,,,,19169,0.14998061954975128,0.04502482712268829,9.994196215576409e-05,-5.441340923309326,-9.897467613220215
,,,,,,,,,,,,0.0755230188369751,2.649505615234375,46.6894416809082,0.27169132232666016,0.021291149780154228,12.258748054504395,0.2904311418533325,25.268489837646484,8.168390274047852,1.0903273820877075,0.011406299658119678,3.889775037765503,0.9093903303146362,0.03311937302350998,15.583511352539062,0.08572729676961899,0.019392680376768112,13.458832740783691,0.0014386065304279327,0.23362651467323303,31.412342071533203,0.02847207710146904,27.82883071899414,0.07386018335819244,0.010080911219120026,0.8999258875846863,0.024496708065271378,0.2572988271713257,0.3019041121006012,7.210296154022217,3.5821127891540527,0.024652276188135147,0.006153414957225323,19999,0.1381334513425827,0.07086783647537231,9.994031094440302e-05,-6.5471978187561035,-8.738632202148438
673.1592046782607,145.96677539766293,0.665395614871306,30.295873443435745,0.09117225196606055,,,,,,,,,,,,,,,,,,,,,,,,,,,,,,,,,,,,,,,,,20769,0.12802471220493317,0.055522575974464417,9.993877910997706e-05,-6.455803871154785,-8.058706283569336
83.61531585309422,0.7616644785459439,0.07770582793709528,18.398238139203478,0.002322147800444951,,,,,,,,,,,,,,,,,,,,,,,,,,,,,,,,,,,,,,,,,21096,0.12395425140857697,0.059690721333026886,9.99381285812641e-05,-5.976161479949951,-8.453569412231445
161.08278624154627,16.746379394170365,0.1560077519379845,21.475598803174037,0.030954490562237272,,,,,,,,,,,,,,,,,,,,,,,,,,,,,,,,,,,,,,,,,21636,0.11750669777393341,0.07254393398761749,9.993705431832313e-05,-5.972845554351807,-7.531894683837891
,,,,,2.7913977100000005,22,0.22172918915748596,1399,248.73,172,31637,,,,,,,,,,,,,,,,,,,,,,,,,,,,,,,,,,,,,,,
480.87606771383435,66.19889207298208,0.45462633451957296,30.88441419178254,0.05900079507395907,,,,,,,,,,,,,,,,,,,,,,,,,,,,,,,,,,,,,,,,,22757,0.10519379377365112,0.04318787902593613,9.993482424655943e-05,-6.058058738708496,-7.3836164474487305
196.89056926820194,24.63082315815258,0.20602526724975703,30.263108542128027,0.05251774660586904,,,,,,,,,,,,,,,,,,,,,,,,,,,,,,,,,,,,,,,,,23225,0.10044683516025543,0.048000186681747437,9.993389323381122e-05,-7.423200607299805,-6.737473487854004
375.17768811201677,46.59949258011222,0.3164983164983165,29.645531877230862,0.051095934846614274,,,,,,,,,,,,,,,,,,,,,,,,,,,,,,,,,,,,,,,,,24136,0.0917908251285553,0.03485792130231857,9.993208095440165e-05,-6.878547668457031,-6.748993396759033
201.56733239395544,31.964617843135514,0.1905165114309907,32.449562696316676,0.07134959339985605,,,,,,,,,,,,,,,,,,,,,,,,,,,,,,,,,,,,,,,,,24583,0.0878216102719307,0.04395264387130737,9.99311917300397e-05,-6.863692283630371,-6.386223793029785
,,,,,4.79082043,22,0.22137169539928436,1531,274.49,176,34584,,,,,,,,,,,,,,,,,,,,,,,,,,,,,,,,,,,,,,,
325.81932522257557,71.72509854965064,0.290295358649789,38.931004255772855,0.11894709543888995,,,,,,,,,,,,,,,,,,,,,,,,,,,,,,,,,,,,,,,,,25185,0.08276346325874329,0.040739454329013824,9.992999416794304e-05,-6.614967346191406,-6.160526275634766
80.8566888414789,0.13578181669145195,0.07905138339920949,22.288788528805185,0.0005182512087459998,,,,,,,,,,,,,,,,,,,,,,,,,,,,,,,,,,,,,,,,,25446,0.0806620717048645,0.04056335985660553,9.992947496136822e-05,-6.205012798309326,-6.120406150817871
482.3291812555399,126.59407123805681,0.43613138686131386,42.219302111581676,0.15382025666835578,,,,,,,,,,,,,,,,,,,,,,,,,,,,,,,,,,,,,,,,,26268,0.07438340038061142,0.05467539280653,9.992783976790985e-05,-7.485060691833496,-5.7540388107299805
199.84126419294626,7.835044131102293,0.17918552036199095,25.022789086405687,0.013602507172052592,,,,,,,,,,,,,,,,,,,,,,,,,,,,,,,,,,,,,,,,,26843,0.07029464840888977,0.05765518173575401,9.992669593619617e-05,-6.814607620239258,-6.002557754516602
,,,,,7.169277999999999,22,0.22106359899044037,1640,294.48,180,36844,,,,,,,,,,,,,,,,,,,,,,,,,,,,,,,,,,,,,,,
146.83183156885207,14.07418667345198,0.12990409764603314,31.46371223520442,0.0417631652031216,,,,,,,,,,,,,,,,,,,,,,,,,,,,,,,,,,,,,,,,,27179,0.06800814718008041,0.04890206456184387,9.992602754366652e-05,-7.340840816497803,-5.761509418487549
824.1222070897929,130.44898488276002,0.709731543624161,33.84606032189477,0.07437228328549601,,,,,,,,,,,,,,,,,,,,,,,,,,,,,,,,,,,,,,,,,28932,0.057278621941804886,0.03753743693232536,9.99225404012212e-05,-7.871861934661865,-5.4182209968566895
,,,,,,,,,,,,0.11359356343746185,2.695434331893921,45.19696044921875,0.3315139412879944,0.04832373559474945,9.391335487365723,0.3706916570663452,23.690595626831055,9.576647758483887,1.070918083190918,0.03237617015838623,5.1080498695373535,0.9450821280479431,0.049055952578783035,15.159945487976074,0.17858172953128815,0.03131912648677826,14.490327835083008,0.0031517506577074528,0.281006395816803,31.251623153686523,0.06097143888473511,27.579057693481445,0.15072715282440186,0.01270271185785532,0.8652074337005615,0.03197193890810013,0.32712942361831665,0.3831612169742584,9.70829963684082,4.13572359085083,0.05055684223771095,0.01703481376171112,29999,0.05168138071894646,0.02927018515765667,9.9920417909204e-05,-8.111310005187988,-4.936180114746094
780.7053605713882,165.64375740643354,0.6865546218487395,36.641561138869086,0.10791124261005443,,,,,,,,,,,,,,,,,,,,,,,,,,,,,,,,,,,,,,,,,30466,0.04939136654138565,0.03318352997303009,9.991948895309671e-05,-8.342475891113281,-4.737107276916504
483.14916226500645,229.95350765431016,0.4452690166975881,54.900328178313686,0.36270269346105705,,,,,,,,,,,,,,,,,,,,,,,,,,,,,,,,,,,,,,,,,31099,0.04646269232034683,0.036314934492111206,9.991822979682163e-05,-10.343944549560547,-4.594261169433594
,,,,,12.900126290000001,22,0.22027939558029175,1829,333.32,184,41100,,,,,,,,,,,,,,,,,,,,,,,,,,,,,,,,,,,,,,,
71.63491281401366,-1.025343992236433,0.069164265129683,24.06082823772511,-0.004769041824355502,,,,,,,,,,,,,,,,,,,,,,,,,,,,,,,,,,,,,,,,,31313,0.04552287980914116,0.03255956619977951,9.99178041123015e-05,-6.541040897369385,-4.839129447937012
365.1022074825596,119.34511703909928,0.3466666666666667,51.19083917389279,0.23218894365583517,,,,,,,,,,,,,,,,,,,,,,,,,,,,,,,,,,,,,,,,,31826,0.04335295036435127,0.03232608363032341,9.991678366667205e-05,-6.029788017272949,-4.9939422607421875
1064.0379630867392,315.5409845513571,0.9565217391304348,59.411002533624846,0.24460541438089697,,,,,,,,,,,,,,,,,,,,,,,,,,,,,,,,,,,,,,,,,33115,0.038428161293268204,0.041341669857501984,9.991421964608708e-05,-5.872382640838623,-5.289647579193115
275.49940120009705,102.74548246864173,0.24149956408020923,61.51504469770418,0.31809746894316326,,,,,,,,,,,,,,,,,,,,,,,,,,,,,,,,,,,,,,,,,33437,0.03730664774775505,0.040510810911655426,9.991357914339104e-05,-7.803567886352539,-4.910386085510254
,,,,,18.547025119999997,22,0.21964731812477112,1942,352.99,188,43438,,,,,,,,,,,,,,,,,,,,,,,,,,,,,,,,,,,,,,,
232.21482565626502,56.192938725935576,0.2194055944055944,54.920759137419715,0.1842391433637232,,,,,,,,,,,,,,,,,,,,,,,,,,,,,,,,,,,,,,,,,33741,0.03629181161522865,0.05525587871670723,9.991297444708707e-05,-5.004065036773682,-5.380756855010986
166.38034822046757,33.556418240066336,0.14765694076038904,45.65061194556895,0.12759094387857922,,,,,,,,,,,,,,,,,,,,,,,,,,,,,,,,,,,,,,,,,34003,0.035442180931568146,0.04804511368274689,9.991245329582689e-05,-9.834691047668457,-5.078742504119873
170.03889845358208,28.13713136580018,0.15288888888888888,38.80656341332995,0.08904155495506386,,,,,,,,,,,,,,,,,,,,,,,,,,,,,,,,,,,,,,,,,34318,0.034443847835063934,0.09420222043991089,9.991182672264699e-05,-4.774979591369629,-5.470365524291992
481.3135011503473,153.48025924898877,0.44423791821561337,68.93029793105511,0.30512974005763177,,,,,,,,,,,,,,,,,,,,,,,,,,,,,,,,,,,,,,,,,34820,0.032905250787734985,0.08115967363119125,9.991082818788239e-05,-8.44365119934082,-5.226552486419678
,,,,,21.630895179999996,22,0.2191152572631836,2009,363.65,192,44821,,,,,,,,,,,,,,,,,,,,,,,,,,,,,,,,,,,,,,,
23.49711076542735,-3.3035442449522625,0.018628281117696866,21.89222491586206,-0.042353131345541827,,,,,,,,,,,,,,,,,,,,,,,,,,,,,,,,,,,,,,,,,34897,0.032687678933143616,0.057618461549282074,9.991067502661907e-05,-4.155118942260742,-4.874757766723633
1072.146235386841,247.55882597439478,1.0,51.51485377177537,0.1651493168608371,,,,,,,,,,,,,,,,,,,,,,,,,,,,,,,,,,,,,,,,,36395,0.028605198487639427,0.07604080438613892,9.990769536733545e-05,-4.214677810668945,-5.815729141235352
795.1261048670858,283.70803881396284,0.7607421875,50.96408608722507,0.25240928720103456,,,,,,,,,,,,,,,,,,,,,,,,,,,,,,,,,,,,,,,,,37518,0.025881581008434296,0.0849730372428894,9.990546164670522e-05,-3.7239952087402344,-6.316738605499268
1089.5216841800138,477.6623122209726,1.0,59.72077606803926,0.3635177414162653,,,,,,,,,,,,,,,,,,,,,,,,,,,,,,,,,,,,,,,,,38831,0.02308773435652256,0.0502440445125103,9.990285003544227e-05,-4.505589485168457,-6.65605354309082
,,,,,31.96495734,22,0.21767650544643402,2194,399.31,196,48832,,,,,,,,,,,,,,,,,,,,,,,,,,,,,,,,,,,,,,,
784.181020271033,303.7397876741174,0.7164179104477612,57.4051550605054,0.3086786460102819,,,,,,,,,,,,,,,,,,,,,,,,,,,,,,,,,,,,,,,,,39814,0.021240459755063057,0.09781862795352936,9.990089483027423e-05,-2.244654417037964,-6.195715427398682
,,,,,,,,,,,,0.15863201022148132,3.4422411918640137,41.508766174316406,0.42468270659446716,0.07685572654008865,8.199291229248047,0.46428027749061584,23.453481674194336,10.187588691711426,1.8482341766357422,0.06543384492397308,6.2479634284973145,1.1958606243133545,0.09356026351451874,14.200190544128418,0.23924224078655243,0.04072453826665878,15.473776817321777,0.0059396447613835335,0.3651966452598572,29.816783905029297,0.09269755333662033,25.24310302734375,0.2061672806739807,0.0287790484726429,0.8604421615600586,0.05359949916601181,0.3930630087852478,0.49356335401535034,13.174148559570312,6.00858211517334,0.07053002715110779,0.031032614409923553,39999,0.02093481831252575,0.05785605311393738,9.990052686400502e-05,-6.130721092224121,-6.534023284912109
483.02300056256354,293.4458255856197,0.4155844155844156,65.04009577490875,0.5484968702534947,,,,,,,,,,,,,,,,,,,,,,,,,,,,,,,,,,,,,,,,,40348,0.020348811522126198,0.08307774364948273,9.989983270246499e-05,-1.186413288116455,-7.05380916595459
152.11846097980742,25.040685840657872,0.1384335154826958,39.64114972979188,0.09039958787241109,,,,,,,,,,,,,,,,,,,,,,,,,,,,,,,,,,,,,,,,,40624,0.019880902022123337,0.09705960750579834,9.98992837397543e-05,-3.918099880218506,-7.724545955657959
79.13437008671463,-0.7636929046850014,0.07860696517412935,35.69519675691973,-0.004773080654281258,,,,,,,,,,,,,,,,,,,,,,,,,,,,,,,,,,,,,,,,,40783,0.01963307149708271,0.0645686686038971,9.989896749018524e-05,-3.500835418701172,-7.081187725067139
,,,,,38.5021549,22,0.21700811386108398,2291,413.57,200,50784,,,,,,,,,,,,,,,,,,,,,,,,,,,,,,,,,,,,,,,
1033.9044905994087,381.30985027529334,1.0,52.92859563217343,0.2710091331025539,,,,,,,,,,,,,,,,,,,,,,,,,,,,,,,,,,,,,,,,,42189,0.01758946105837822,0.08535252511501312,9.989617099073262e-05,-6.749310493469238,-7.248690128326416
667.1035541389138,302.6588289852527,0.6082024432809773,63.22677491875105,0.3982353012963851,,,,,,,,,,,,,,,,,,,,,,,,,,,,,,,,,,,,,,,,,42948,0.01661587320268154,0.06738586723804474,9.989466137473252e-05,-3.1179580688476562,-7.744316101074219
1127.1426831530407,502.5669948737211,1.0,58.44687130780644,0.3618192907658179,,,,,,,,,,,,,,,,,,,,,,,,,,,,,,,,,,,,,,,,,44336,0.01509400550276041,0.08719491958618164,9.989190073638893e-05,-1.9279289245605469,-8.35291862487793
247.032764387317,41.75376077079005,0.21486854034451497,47.74908620279736,0.11194037740158191,,,,,,,,,,,,,,,,,,,,,,,,,,,,,,,,,,,,,,,,,44708,0.0147322379052639,0.06719878315925598,9.989116086000438e-05,-0.5285570025444031,-8.218501091003418
,,,,,51.081271269999995,22,0.21551387012004852,2469,448.4,204,54709,,,,,,,,,,,,,,,,,,,,,,,,,,,,,,,,,,,,,,,
903.5675757784629,307.527497514885,0.8379888268156425,44.69987797008787,0.21121394060088255,,,,,,,,,,,,,,,,,,,,,,,,,,,,,,,,,,,,,,,,,46163,0.013402474112808704,0.060751721262931824,9.988826701511156e-05,-1.167249321937561,-8.077079772949219
667.3866886785254,316.9559469725942,0.6650763358778626,59.57401649404869,0.39275829860296674,,,,,,,,,,,,,,,,,,,,,,,,,,,,,,,,,,,,,,,,,46969,0.012730801478028297,0.07158543169498444,9.988666398239627e-05,-0.6434159278869629,-8.774333953857422
480.89242430310696,256.790791333284,0.4438254410399257,64.76389654059749,0.4799827875388486,,,,,,,,,,,,,,,,,,,,,,,,,,,,,,,,,,,,,,,,,47503,0.012376434169709682,0.08027186989784241,9.988560193062033e-05,0.706782341003418,-9.430757522583008
167.74047868791968,46.49550151816402,0.15300546448087432,44.13044122580718,0.16969161138016065,,,,,,,,,,,,,,,,,,,,,,,,,,,,,,,,,,,,,,,,,47776,0.012205895967781544,0.0860024020075798,9.988505897375845e-05,-6.930630207061768,-9.90066146850586
,,,,,60.713646870000005,22,0.214519664645195,2613,476.07,208,57777,,,,,,,,,,,,,,,,,,,,,,,,,,,,,,,,,,,,,,,
386.3482522703707,214.7663537527852,0.36654135338345867,63.561197602373284,0.490334140988094,,,,,,,,,,,,,,,,,,,,,,,,,,,,,,,,,,,,,,,,,48213,0.011965533718466759,0.08375749737024307,9.988418984809603e-05,0.6607580184936523,-9.808877944946289
481.02835055440664,287.13758798255435,0.4438254410399257,65.89297418353773,0.5458889505371756,,,,,,,,,,,,,,,,,,,,,,,,,,,,,,,,,,,,,,,,,48738,0.01165507547557354,0.08697967231273651,9.98831457090188e-05,-5.397185325622559,-9.627180099487305
357.8199208434671,208.136645986656,0.3364398881640261,63.20358953615347,0.5101388382025882,,,,,,,,,,,,,,,,,,,,,,,,,,,,,,,,,,,,,,,,,49145,0.011431564576923847,0.07144176959991455,9.988233625640369e-05,-10.493562698364258,-10.014558792114258
,,,,,,,,,,,,0.19255509972572327,3.850799322128296,35.772945404052734,0.4841367304325104,0.10199608653783798,8.357593536376953,0.47598350048065186,24.36529541015625,10.911637306213379,1.956358790397644,0.1291293203830719,4.9453816413879395,1.1356067657470703,0.11541859805583954,12.549175262451172,0.2537996172904968,0.051871344447135925,16.433773040771484,0.007048135623335838,0.4299686551094055,26.97284698486328,0.09830541908740997,25.402565002441406,0.22202453017234802,0.03452340513467789,0.9438109993934631,0.0679541528224945,0.4482731223106384,0.5129594206809998,20.805522918701172,6.540495872497559,0.07788636535406113,0.030693475157022476,49999,0.011028843931853771,0.05520745739340782,9.988063780880601e-05,-2.4473631381988525,-11.051434516906738
1095.5461310781538,543.3698356474264,1.0,64.09642062457199,0.4414052279832871,,,,,,,,,,,,,,,,,,,,,,,,,,,,,,,,,,,,,,,,,50375,0.010875173844397068,0.07776696979999542,9.987989001914922e-05,-1.8502171039581299,-10.227886199951172
,,,,,73.61208061,22,0.2138616442680359,2742,499.04,212,60376,,,,,,,,,,,,,,,,,,,,,,,,,,,,,,,,,,,,,,,
667.7249383490998,303.7069946708575,0.6705091258405379,62.380909397608264,0.3939130929583107,,,,,,,,,,,,,,,,,,,,,,,,,,,,,,,,,,,,,,,,,51145,0.010598418302834034,0.06631307303905487,9.987835865017471e-05,0.9931113719940186,-10.275757789611816
531.4767216192558,191.45399083626228,0.5148221343873518,52.08775738670982,0.26048162018539084,,,,,,,,,,,,,,,,,,,,,,,,,,,,,,,,,,,,,,,,,51879,0.010350877419114113,0.07795330882072449,9.987689888865588e-05,0.1210239827632904,-10.279203414916992
99.68336099013686,2.880198612339427,0.09523809523809523,29.16489314366613,0.011660723126880271,,,,,,,,,,,,,,,,,,,,,,,,,,,,,,,,,,,,,,,,,52125,0.010271928273141384,0.1011955738067627,9.987640965218047e-05,2.79172420501709,-10.890558242797852
948.520640338771,475.6146582928,0.9178832116788321,63.90596534002883,0.44491548951618337,,,,,,,,,,,,,,,,,,,,,,,,,,,,,,,,,,,,,,,,,53193,0.010030945762991905,0.0628548264503479,9.987428566388474e-05,-0.33851200342178345,-10.690309524536133
,,,,,83.64108887,21,0.21326586604118347,2876,522.19,216,63194,,,,,,,,,,,,,,,,,,,,,,,,,,,,,,,,,,,,,,,
667.4506455867086,339.34969102298305,0.6060869565217392,61.799777495533434,0.43618212213751034,,,,,,,,,,,,,,,,,,,,,,,,,,,,,,,,,,,,,,,,,53970,0.009894576855003834,0.07542752474546432,9.987274041700095e-05,1.4281623363494873,-11.893331527709961
528.8188505016733,262.96392181417343,0.5534653465346535,61.351813943864066,0.42345237007113273,,,,,,,,,,,,,,,,,,,,,,,,,,,,,,,,,,,,,,,,,54590,0.009795282036066055,0.0789375752210617,9.98715074100876e-05,-2.858914613723755,-11.098670959472656
670.7772586715873,268.6811508881679,0.6979269496544916,55.48016950649068,0.3084743408589758,,,,,,,,,,,,,,,,,,,,,,,,,,,,,,,,,,,,,,,,,55460,0.009686759673058987,0.07891198992729187,9.986977723586543e-05,-4.493184566497803,-10.855504035949707
1071.8107083858922,476.7613828293382,1.0,57.18859422860297,0.35315657987358384,,,,,,,,,,,,,,,,,,,,,,,,,,,,,,,,,,,,,,,,,56809,0.009624951519072056,0.08124525845050812,9.986709450125269e-05,3.293044090270996,-10.725436210632324
,,,,,97.41004412999999,21,0.2126944214105606,3044,555.18,220,66810,,,,,,,,,,,,,,,,,,,,,,,,,,,,,,,,,,,,,,,
1108.0510526476428,588.0076980345935,1.0,66.84020769949254,0.49246875882294266,,,,,,,,,,,,,,,,,,,,,,,,,,,,,,,,,,,,,,,,,58002,0.009581386111676693,0.08632537722587585,9.986472203150645e-05,-0.6845930814743042,-11.815613746643066
1047.9867478962988,498.9318955251027,1.0,67.03785164495196,0.44310115055515337,,,,,,,,,,,,,,,,,,,,,,,,,,,,,,,,,,,,,,,,,59127,0.00958049576729536,0.09256057441234589,9.986248481649417e-05,2.640070915222168,-12.094658851623535
,,,,,,,,,,,,0.20605996251106262,4.280029773712158,35.87482833862305,0.494209885597229,0.1094532310962677,9.691948890686035,0.4673382639884949,23.770221710205078,11.281639099121094,2.5009005069732666,0.11115913093090057,5.1080322265625,1.189637303352356,0.13542351126670837,12.08734130859375,0.2542000710964203,0.05931398272514343,17.88473892211914,0.007280489429831505,0.4341648817062378,25.586441040039062,0.0971570834517479,25.166431427001953,0.2195512056350708,0.045679137110710144,0.9594694375991821,0.07817506045103073,0.45966672897338867,0.5150866508483887,18.163484573364258,7.414341926574707,0.07397360354661942,0.031260766088962555,59999,0.009613122791051865,0.09495167434215546,9.986075074360702e-05,1.7692354917526245,-12.730490684509277
817.2306462908164,440.7768246343281,0.7086481947942905,66.58817245771074,0.49861631745964713,,,,,,,,,,,,,,,,,,,,,,,,,,,,,,,,,,,,,,,,,60010,0.009613292291760445,0.07507805526256561,9.9860728868931e-05,2.2501676082611084,-11.57834243774414
0.5667225659126416,-9.880837545215071,0.0008598452278589854,0.402095190016852,-0.09148923652976917,,,,,,,,,,,,,,,,,,,,,,,,,,,,,,,,,,,,,,,,,60117,0.009594946168363094,0.09209413081407547,9.98605160881172e-05,-1.5395748615264893,-12.695754051208496
,,,,,112.92769797999999,21,0.21223227679729462,3205,584.52,224,70118,,,,,,,,,,,,,,,,,,,,,,,,,,,,,,,,,,,,,,,
