terminal/collision_other,custom/total_distance,terminal/off_track,terminal/stopped,custom/routes_completed,custom/overtakes,terminal/too_fast,terminal/solid_line,custom/avg_speed,custom/mean_reward,custom/blocked_time,terminal/route_done,custom/total_reward,custom/overtake_reward,terminal/collision_vehicle,rollout/ep_rew_mean,time/fps,time/time_elapsed,rollout/ep_len_mean,time/total_timesteps,time/episodes,train/std,attention/throttle/route,attention/steer_sensors_vs_route,attention/throttle/next_angle,attention/steer/cam,attention/throttle/maneuver,attention/steer/speed,attention/steer/next_angle,attention/throttle/waypoints,attention/steer/prev_action,attention/steer_share/speed,attention/steer/lidar,attention/steer/route,attention/steer/waypoints,attention/steer/maneuver,attention/throttle/prev_action,attention/throttle_share/prev_action,attention/steer_share/next_angle,attention/throttle/cam,attention/throttle_share/waypoints,attention/throttle/sensors,attention/throttle_share/speed,attention/steer_share/waypoints,attention/steer/sensors,attention/steer_share/lidar,attention/throttle/lidar,attention/throttle_share/cam,attention/steer_share/cam,attention/throttle_share/lidar,attention/throttle_share/maneuver,attention/throttle_share/next_angle,attention/steer_share/maneuver,attention/steer_share/prev_action,attention/throttle/speed,train/actor_loss,train/learning_rate,train/critic_loss,train/ent_coef,train/ent_coef_loss,train/n_updates
1.0,1822.3640947081149,0.0,0.0,0.9706806282722513,3,0.0,0.0,33.35261379172244,0.36533996840781685,50.94999999999924,0.0,1437.6127756847593,271.94053628345193,0.0,,,,,,,,,,,,,,,,,,,,,,,,,,,,,,,,,,,,,,,,,,,,,,
0.0,1167.2551792743616,0.0,0.0,0.49577124446234394,1,0.0,0.0,27.665677888649746,0.3779462032575972,84.44999999999735,0.0,1148.578511699838,233.29140914129906,1.0,,,,,,,,,,,,,,,,,,,,,,,,,,,,,,,,,,,,,,,,,,,,,,
,,,,,,,,,,,,,,,949.7590852799999,28,240,2757.11,619081,556,0.16489148139953613,,,,,,,,,,,,,,,,,,,,,,,,,,,,,,,,,,,,,,,
0.0,70.39442848530598,0.0,0.0,0.029749256268593285,0,0.0,0.0,21.268951271074847,-0.009225057560655064,2.000000000000001,0.0,-2.2047887569965603,35.68437565728162,1.0,,,,,,,,,,,,,,,,,,,,,,,,,,,,,,,,,,,,,,,,,,,,,,
0.0,201.45317483134568,1.0,0.0,0.10926620246384575,0,0.0,0.0,31.837729485743633,0.3036586920090059,4.249999999999993,0.0,138.4683635561067,78.58770823956516,0.0,,,,,,,,,,,,,,,,,,,,,,,,,,,,,,,,,,,,,,,,,,,,,,
,,,,,,,,,,,,,,,,,,,,,,0.2828513979911804,1.0256733894348145,0.01592046581208706,0.25416678190231323,0.13652251660823822,0.1125127449631691,0.013687766157090664,0.23142117261886597,0.16745243966579437,10.025094985961914,0.22658373415470123,0.2762114405632019,0.25003328919410706,0.09787416458129883,0.2046731561422348,11.956806182861328,1.2196054458618164,0.4444475769996643,13.51939868927002,0.47441545128822327,20.203283309936523,22.278430938720703,0.2833027243614197,20.18903160095215,0.33295226097106934,25.964195251464844,22.646732330322266,19.450746536254883,7.9755120277404785,0.9300581216812134,8.720769882202148,14.920323371887207,0.345833957195282,,,,,,
0.0,332.03612299170345,0.0,0.0,0.15562248995983935,1,0.0,0.0,30.600921350960927,0.013505982625909838,1.5000000000000007,0.0,10.561678413461493,98.41951678216223,1.0,,,,,,,,,,,,,,,,,,,,,,,,,,,,,,,,,,,,,,,,,,,,,,
0.0,2216.708562792279,0.0,0.0,1.0,3,0.0,0.0,36.96622559261626,0.4237064177072002,52.09999999999918,1.0,1829.9880180773976,347.41986069669224,0.0,,,,,,,,,,,,,,,,,,,,,,,,,,,,,,,,,,,,,,,,,-15.75021743774414,3.781445672244104e-05,0.10226515680551529,0.00861749704927206,-1.9585617780685425,604872
,,,,,,,,,,,,,,,938.5203394299999,26,483,2740.04,624873,560,0.16475696861743927,,,,,,,,,,,,,,,,,,,,,,,,,,,,,,,,,,,,,,,
0.0,511.2797516938299,0.0,0.0,0.2584215591915303,0,0.0,0.0,34.66122178582215,0.24717292429029938,0.5499999999999999,0.0,262.74481852058824,145.7912799423756,1.0,,,,,,,,,,,,,,,,,,,,,,,,,,,,,,,,,,,,,,,,,-16.278709411621094,3.773421937607039e-05,0.08730755746364594,0.008666307665407658,0.03941620886325836,605934
1.0,81.13114092126489,0.0,0.0,0.03831041257367387,0,0.0,0.0,28.58782615060331,0.01822470804195419,0.7500000000000001,0.0,3.736065148600609,0.0,0.0,,,,,,,,,,,,,,,,,,,,,,,,,,,,,,,,,,,,,,,,,-16.45812225341797,3.7718816440239065e-05,0.10244031995534897,0.008680402301251888,-0.7614985108375549,606138
,,,,,,,,,,,,,,,,,,,,,,0.2125190645456314,1.3157854080200195,0.006960117258131504,0.31554627418518066,0.09480416774749756,0.11604991555213928,0.010925925336778164,0.16977591812610626,0.15065696835517883,9.701936721801758,0.25902822613716125,0.28163769841194153,0.257891446352005,0.08605334907770157,0.16591876745224,11.173575401306152,0.913422703742981,0.4259604513645172,11.433330535888672,0.4600653648376465,21.690200805664062,21.560087203979492,0.3705747723579407,21.65512466430664,0.2994192838668823,28.685731887817383,26.380111694335938,20.16398811340332,6.384459018707275,0.4687196910381317,7.194181442260742,12.595134735107422,0.3220823109149933,-16.811355590820312,3.742789411777149e-05,0.05726456642150879,0.008999303914606571,2.3621246814727783,609999
0.0,1942.2599409893155,0.0,0.0,0.8017241379310345,2,0.0,0.0,28.700392115219955,0.34617767768926283,103.94999999999624,0.0,1687.270001057467,533.3004436472244,1.0,,,,,,,,,,,,,,,,,,,,,,,,,,,,,,,,,,,,,,,,,-17.873760223388672,3.735182977742473e-05,0.06806901097297668,0.00907397922128439,2.7315304279327393,611011
0.0,661.5130498101935,0.0,0.0,0.3250915750915751,1,0.0,0.0,23.912456596139936,0.43943901241826905,79.74999999999761,0.0,875.8019517496102,88.53837642682943,1.0,,,,,,,,,,,,,,,,,,,,,,,,,,,,,,,,,,,,,,,,,-18.556880950927734,3.720233539244565e-05,0.0547204315662384,0.009217171929776669,-5.495685577392578,613003
,,,,,,,,,,,,,,,935.9243997200001,23,874,2742.9,633004,564,0.1645684391260147,,,,,,,,,,,,,,,,,,,,,,,,,,,,,,,,,,,,,,,
0.0,1708.0609916262329,0.0,0.0,0.8830379746835443,2,0.0,0.0,37.41407806255418,0.4590089614145278,44.14999999999963,0.0,1509.2214651309673,226.52495189602837,1.0,,,,,,,,,,,,,,,,,,,,,,,,,,,,,,,,,,,,,,,,,-19.081785202026367,3.695631898047181e-05,0.07837559282779694,0.009348095394670963,1.4079766273498535,616290
0.0,204.85902745649219,0.0,0.0,0.14635761589403973,1,0.0,0.0,31.753196740780684,0.30819251706979356,0.0,0.0,143.309520437454,168.7661654355653,1.0,,,,,,,,,,,,,,,,,,,,,,,,,,,,,,,,,,,,,,,,,-19.582487106323242,3.692165740838022e-05,0.05231650546193123,0.00935553852468729,-1.6519825458526611,616754
,,,,,,,,,,,,,,,,,,,,,,0.19947779178619385,1.299910306930542,0.007181894034147263,0.2948763370513916,0.09677021205425262,0.11140872538089752,0.009408462792634964,0.15294915437698364,0.13072463870048523,10.119621276855469,0.23373213410377502,0.2649596929550171,0.23530313372612,0.0854644775390625,0.16065199673175812,10.972784042358398,0.8546016216278076,0.4259454607963562,10.446667671203613,0.4555819034576416,22.413991928100586,21.37335777282715,0.3444238305091858,21.23065948486328,0.2924342155456543,29.09274673461914,26.784587860107422,19.973716735839844,6.609557628631592,0.4905346632003784,7.763020038604736,11.874149322509766,0.32816216349601746,-19.436647415161133,3.6679711301664344e-05,0.040232159197330475,0.009431207552552223,-2.6347479820251465,619999
0.0,1469.8765970626846,0.0,0.0,0.73,1,0.0,0.0,26.10765797747242,0.20362694691125358,0.0,0.0,825.7072697251333,644.9266249084244,1.0,,,,,,,,,,,,,,,,,,,,,,,,,,,,,,,,,,,,,,,,,-19.705280303955078,3.661951809863191e-05,0.04884546250104904,0.009445992298424244,0.8779036998748779,620808
0.0,311.3487055692822,0.0,0.0,0.19546027742749053,0,0.0,0.0,29.444420062180285,0.2339773497630072,7.049999999999983,0.0,178.2907405194115,176.67256322911865,1.0,,,,,,,,,,,,,,,,,,,,,,,,,,,,,,,,,,,,,,,,,-19.240665435791016,3.656294205173826e-05,0.06675282120704651,0.009460006840527058,1.8047935962677002,621569
,,,,,,,,,,,,,,,932.1817431199999,23,1273,2745.42,641570,568,0.1644338220357895,,,,,,,,,,,,,,,,,,,,,,,,,,,,,,,,,,,,,,,
0.0,2082.325166250579,0.0,0.0,1.0,4,0.0,0.0,33.796557793358105,0.3801606741134323,37.65,1.0,1687.1530717154126,522.1498995429058,0.0,,,,,,,,,,,,,,,,,,,,,,,,,,,,,,,,,,,,,,,,,-17.005109786987305,3.623395918946834e-05,0.08150596916675568,0.009575977921485901,1.4553251266479492,626006
0.0,755.307317359373,0.0,0.0,0.4939911448450348,3,0.0,0.0,37.88673291903782,0.42902352652044584,11.100000000000023,0.0,616.0777840833603,213.80791556355032,1.0,,,,,,,,,,,,,,,,,,,,,,,,,,,,,,,,,,,,,,,,,-18.409669876098633,3.61278832360652e-05,0.08613308519124985,0.009612779133021832,0.8234943747520447,627441
0.0,729.5305078532547,0.0,0.0,0.5084635416666666,1,0.0,0.0,26.660211322862413,0.3749054838542756,71.89999999999806,0.0,738.9387086767772,103.76943459693562,1.0,,,,,,,,,,,,,,,,,,,,,,,,,,,,,,,,,,,,,,,,,-18.950634002685547,3.598251661513963e-05,0.09171199798583984,0.009648631326854229,2.095578908920288,629411
,,,,,,,,,,,,,,,,,,,,,,0.20419582724571228,1.3641679286956787,0.006108783185482025,0.3014304041862488,0.09803186357021332,0.11628872156143188,0.00921834446489811,0.15523004531860352,0.13828162848949432,10.384316444396973,0.23819294571876526,0.25498276948928833,0.2265896201133728,0.0898478627204895,0.14083483815193176,9.839670181274414,0.8231770396232605,0.44833290576934814,10.845416069030762,0.47581595182418823,19.4639835357666,20.23393440246582,0.3478393256664276,21.270084381103516,0.30417078733444214,31.32355499267578,26.917043685913086,21.251419067382812,6.849165916442871,0.42680075764656067,8.023207664489746,12.348233222961426,0.278587281703949,-17.378337860107422,3.593918558471806e-05,0.07905019819736481,0.009671999141573906,0.12060701847076416,629999
0.0,281.55496586859226,0.0,0.0,0.13174224343675417,0,0.0,0.0,29.964904060308413,0.28416258486033263,0.0,0.0,192.3780699504452,162.19922991549228,1.0,,,,,,,,,,,,,,,,,,,,,,,,,,,,,,,,,,,,,,,,,-16.79876708984375,3.593270294612812e-05,0.0660955086350441,0.009670302271842957,-1.1426773071289062,630087
,,,,,,,,,,,,,,,915.2635250199997,22,1676,2683.13,650088,572,0.16437295079231262,,,,,,,,,,,,,,,,,,,,,,,,,,,,,,,,,,,,,,,
0.0,1561.4653811836615,0.0,0.0,1.0,2,0.0,0.0,33.35508754014228,0.3708108247861406,51.49999999999921,1.0,1250.374101178866,405.2137454689443,0.0,,,,,,,,,,,,,,,,,,,,,,,,,,,,,,,,,,,,,,,,,-17.787012100219727,3.568482010827044e-05,0.08117116987705231,0.0098198801279068,-4.916296005249023,633458
0.0,1820.090173587203,0.0,0.0,1.0,2,0.0,0.0,37.95365577316597,0.3891755444802935,14.550000000000072,1.0,1344.2123306349338,315.9777661461925,0.0,,,,,,,,,,,,,,,,,,,,,,,,,,,,,,,,,,,,,,,,,-17.922086715698242,3.5431809620681234e-05,0.0760570541024208,0.009882011450827122,1.3689730167388916,636911
0.0,81.72770361509174,0.0,0.0,0.042116630669546434,1,0.0,0.0,31.393768327540435,0.18973517168483087,0.0,0.0,35.6702122767482,82.64457971661392,1.0,,,,,,,,,,,,,,,,,,,,,,,,,,,,,,,,,,,,,,,,,-18.697431564331055,3.5418133693832784e-05,0.1227177083492279,0.009883123449981213,2.432864189147949,637098
,,,,,,,,,,,,,,,,,,,,,,0.199266254901886,1.2857658863067627,0.006323786918073893,0.2984793484210968,0.09229989349842072,0.11626826226711273,0.009605644270777702,0.1541500985622406,0.14149253070354462,10.155949592590332,0.24203965067863464,0.2701990008354187,0.24417182803153992,0.09277176856994629,0.14477330446243286,9.961885452270508,0.8390461802482605,0.4577476978302002,10.607105255126953,0.49030041694641113,19.904367446899414,21.328235626220703,0.347412645816803,21.141990661621094,0.3087126314640045,31.49772834777832,26.071958541870117,21.242589950561523,6.35117769241333,0.43514129519462585,8.103548049926758,12.359271049499512,0.28926461935043335,-16.999549865722656,3.5206316966932635e-05,0.07786944508552551,0.009887965396046638,-0.5515260100364685,639999
0.0,1215.808484098874,1.0,0.0,0.7601246105919003,0,0.0,0.0,20.87351893008042,0.3209070409652631,208.95000000001326,0.0,1346.2050368492787,0.0,0.0,,,,,,,,,,,,,,,,,,,,,,,,,,,,,,,,,,,,,,,,,-17.886581420898438,3.51121160936816e-05,0.079379603266716,0.009889799170196056,-1.271005392074585,641292
,,,,,,,,,,,,,,,940.9420908799999,22,2233,2737.36,661293,576,0.16433319449424744,,,,,,,,,,,,,,,,,,,,,,,,,,,,,,,,,,,,,,,
0.0,301.520289643202,0.0,0.0,0.18577981651376146,0,0.0,0.0,22.015338126818545,0.3308997746175871,36.05000000000009,0.0,326.59807754755843,84.90675460449283,1.0,,,,,,,,,,,,,,,,,,,,,,,,,,,,,,,,,,,,,,,,,-18.829259872436523,3.504036758416653e-05,0.06411367654800415,0.009887677617371082,-0.2987643778324127,642278
0.0,412.71417668182403,0.0,0.0,0.18759018759018758,0,0.0,0.0,33.79775081043672,0.29430870704991097,3.899999999999994,0.0,258.99166220392163,177.10368929733409,1.0,,,,,,,,,,,,,,,,,,,,,,,,,,,,,,,,,,,,,,,,,-16.79833221435547,3.4976467933264875e-05,0.08123107254505157,0.009888790547847748,-1.4594852924346924,643157
0.0,243.10611863993108,0.0,0.0,0.15060240963855423,0,0.0,0.0,41.609890807629895,0.3667831129487583,0.0,0.0,154.41569055142725,0.0,1.0,,,,,,,,,,,,,,,,,,,,,,,,,,,,,,,,,,,,,,,,,-18.19094467163086,3.4945956564662155e-05,0.12856648862361908,0.009892548434436321,0.5086458921432495,643577
0.0,1477.610240470618,0.0,0.0,0.7501244400199104,2,0.0,0.0,34.056399181445286,0.4418358725428009,58.299999999998825,0.0,1380.7371016962527,261.65576157003574,1.0,,,,,,,,,,,,,,,,,,,,,,,,,,,,,,,,,,,,,,,,,-17.179109573364258,3.471943397533273e-05,0.07874158024787903,0.009898504242300987,0.2839973270893097,646701
,,,,,,,,,,,,,,,929.36332885,21,2492,2694.72,666702,580,0.164250910282135,,,,,,,,,,,,,,,,,,,,,,,,,,,,,,,,,,,,,,,
0.0,498.48427734989673,0.0,0.0,0.21588089330024815,1,0.0,0.0,35.52324566388719,0.3368237392162111,12.400000000000041,0.0,340.5288003475894,155.05345583708853,1.0,,,,,,,,,,,,,,,,,,,,,,,,,,,,,,,,,,,,,,,,,-17.912860870361328,3.464635829405193e-05,0.07009449601173401,0.00986003503203392,1.3072880506515503,647711
0.0,413.68981376849115,0.0,0.0,0.1651376146788991,1,0.0,0.0,35.86710452412435,0.38578693345349596,10.650000000000016,0.0,320.5889416998551,192.73599746143805,1.0,,,,,,,,,,,,,,,,,,,,,,,,,,,,,,,,,,,,,,,,,-16.676258087158203,3.458636447112341e-05,0.10584228485822678,0.009825426153838634,0.656467616558075,648541
0.0,114.23958009388298,0.0,0.0,0.06502242152466367,0,0.0,0.0,39.254661996286764,0.07982362738109315,3.149999999999997,0.0,16.76296175002956,5.8296121755590455,1.0,,,,,,,,,,,,,,,,,,,,,,,,,,,,,,,,,,,,,,,,,-17.54654312133789,3.457126590655344e-05,0.13931001722812653,0.009822437539696693,-3.307387590408325,648750
,,,,,,,,,,,,,,,,,,,,,,0.19132402539253235,1.3091481924057007,0.007344308774918318,0.3043089509010315,0.08904482424259186,0.11805308610200882,0.009175322018563747,0.14712786674499512,0.13475988805294037,10.403483390808105,0.24451914429664612,0.26850810647010803,0.23887783288955688,0.0850515365600586,0.1505388766527176,10.514753341674805,0.8085795640945435,0.43916845321655273,10.276503562927246,0.4863448441028595,19.965425491333008,21.05122184753418,0.3515169024467468,21.548364639282227,0.3126242458820343,30.674789428710938,26.81736946105957,21.836000442504883,6.219552516937256,0.5129810571670532,7.495206832885742,11.875778198242188,0.2858433723449707,-17.975353240966797,3.448110544830808e-05,0.10868532955646515,0.009806900285184383,0.6680476665496826,649999
0.0,2333.910149480216,1.0,0.0,0.9844603107937842,2,0.0,0.0,41.896375048462886,0.46868881477826857,5.299999999999989,0.0,1880.3795248904134,284.6727134584602,0.0,,,,,,,,,,,,,,,,,,,,,,,,,,,,,,,,,,,,,,,,,-17.409168243408203,3.428215153867595e-05,0.103543721139431,0.00969648826867342,0.8714044094085693,652761
,,,,,,,,,,,,,,,938.10282339,21,2778,2683.82,672762,584,0.16408780217170715,,,,,,,,,,,,,,,,,,,,,,,,,,,,,,,,,,,,,,,
0.0,689.7592444298789,0.0,0.0,0.32490272373540857,1,0.0,0.0,31.64836056324176,0.2522000567302754,3.999999999999994,0.0,395.9540890665324,271.3933594276054,1.0,,,,,,,,,,,,,,,,,,,,,,,,,,,,,,,,,,,,,,,,,-17.145732879638672,3.416939262693803e-05,0.10898704826831818,0.009627352468669415,0.5341967344284058,654330
0.0,2189.19893155084,0.0,0.0,1.0,2,0.0,0.0,35.31378350086497,0.4423250935219186,65.59999999999842,1.0,1974.9815425753666,245.97227459912645,0.0,,,,,,,,,,,,,,,,,,,,,,,,,,,,,,,,,,,,,,,,,-17.496957778930664,3.3849610587662354e-05,0.1092701107263565,0.009513969533145428,1.553610920906067,658794
0.0,322.5110224732198,0.0,0.0,0.16096207215541167,1,0.0,0.0,28.52403773386731,-0.01693072965914945,3.149999999999997,0.0,-13.798544672206802,81.98504680352434,1.0,,,,,,,,,,,,,,,,,,,,,,,,,,,,,,,,,,,,,,,,,-18.315616607666016,3.3791463563481704e-05,0.09368203580379486,0.009502431377768517,0.5331896543502808,659608
0.0,56.98317639809102,0.0,0.0,0.024516129032258065,0,0.0,0.0,31.214708926772524,0.027465317120614587,0.0,0.0,3.6254218599211256,26.344442270992143,1.0,,,,,,,,,,,,,,,,,,,,,,,,,,,,,,,,,,,,,,,,,-17.7928466796875,3.378211048956087e-05,0.19412189722061157,0.009497271850705147,0.7455365061759949,659739
,,,,,,,,,,,,,,,929.0472924300001,21,3113,2631.34,679740,588,0.1637762188911438,,,,,,,,,,,,,,,,,,,,,,,,,,,,,,,,,,,,,,,
0.0,69.65935721248388,0.0,0.0,0.0368809272918862,0,0.0,0.0,29.26338526487666,0.11178290187436578,0.0,0.0,19.226659122390913,58.02356035912196,1.0,,,,,,,,,,,,,,,,,,,,,,,,,,,,,,,,,,,,,,,,,-18.211715698242188,3.376990349234576e-05,0.15006160736083984,0.009495021775364876,0.862421989440918,659910
,,,,,,,,,,,,,,,,,,,,,,0.20375162363052368,1.2272378206253052,0.007446019444614649,0.3033055067062378,0.09643347561359406,0.12128309905529022,0.00947924517095089,0.1587868183851242,0.1438429355621338,10.399028778076172,0.24172863364219666,0.2844131290912628,0.2564387619495392,0.09021438658237457,0.15174150466918945,10.379585266113281,0.8127673268318176,0.4328453838825226,10.861506462097168,0.4734812378883362,20.78427505493164,21.987516403198242,0.34904253482818604,20.72624397277832,0.3108193874359131,29.607954025268555,26.00595474243164,21.261001586914062,6.596345901489258,0.5093306303024292,7.735142230987549,12.333349227905273,0.3038500249385834,-17.621164321899414,3.376355102884439e-05,0.2625541090965271,0.009491613134741783,-0.6523250937461853,659999
0.0,469.5920453341678,0.0,0.0,0.32251784555483454,0,0.0,0.0,23.82253078867238,0.4129427210810935,49.74999999999931,0.0,586.3786639351528,87.35750393100827,1.0,,,,,,,,,,,,,,,,,,,,,,,,,,,,,,,,,,,,,,,,,-17.880229949951172,3.366869321136344e-05,0.08936595916748047,0.00947621464729309,1.3375670909881592,661329
0.0,2007.1781904306263,0.0,0.0,1.0,4,0.0,0.0,37.114852841996466,0.48751528613415795,77.69999999999773,1.0,1898.8720394925451,325.43163996397556,0.0,,,,,,,,,,,,,,,,,,,,,,,,,,,,,,,,,,,,,,,,,-18.884544372558594,3.339174545233613e-05,0.07031931728124619,0.009416477754712105,-1.5215080976486206,665223
0.0,1588.7439185683616,0.0,0.0,1.0,3,0.0,0.0,36.482290801005476,0.32675361235099043,7.649999999999981,1.0,1025.026081945057,334.1212220483008,0.0,,,,,,,,,,,,,,,,,,,,,,,,,,,,,,,,,,,,,,,,,-18.713403701782227,3.3169551959609536e-05,0.08849743753671646,0.009394658729434013,-0.9566760063171387,668359
,,,,,,,,,,,,,,,923.7503148000002,21,3509,2584.8,688360,592,0.16341648995876312,,,,,,,,,,,,,,,,,,,,,,,,,,,,,,,,,,,,,,,
0.0,12.682177690789104,0.0,0.0,0.006132075471698114,0,0.0,0.0,18.95252103022573,-0.6792153335206084,0.0,0.0,-33.28155134250981,0.0,1.0,,,,,,,,,,,,,,,,,,,,,,,,,,,,,,,,,,,,,,,,,-16.912038803100586,3.316615689005139e-05,0.10190816968679428,0.009396406821906567,0.10201771557331085,668407
,,,,,,,,,,,,,,,,,,,,,,0.20915499329566956,1.2617741823196411,0.008687511086463928,0.30069342255592346,0.10600419342517853,0.12560567259788513,0.009194862097501755,0.1540513038635254,0.14128249883651733,10.979220390319824,0.2348143458366394,0.27010589838027954,0.2424050122499466,0.09003507345914841,0.14588579535484314,9.986051559448242,0.8037250638008118,0.4381837248802185,10.544990539550781,0.48641669750213623,20.322738647460938,21.188678741455078,0.34081265330314636,20.525177001953125,0.3111889958381653,29.994182586669922,26.283681869506836,21.30124855041504,7.256109714508057,0.5946701765060425,7.8699870109558105,12.349535942077637,0.29689401388168335,-17.347875595092773,3.305365370854155e-05,0.0991249680519104,0.00938321091234684,1.261343240737915,669999
0.0,1333.8916778247803,0.0,0.0,0.8770491803278688,2,0.0,0.0,31.631572452785104,0.41272247955231733,76.74999999999778,0.0,1253.4381704003877,119.84158260633494,1.0,,,,,,,,,,,,,,,,,,,,,,,,,,,,,,,,,,,,,,,,,-17.51791000366211,3.295177720851482e-05,0.11444658786058426,0.009372228756546974,-0.4356423318386078,671443
0.0,2045.1623322321102,0.0,0.0,0.9930875576036866,2,0.0,0.0,35.873550346532284,0.4292709207360491,42.999999999999694,0.0,1762.5864005422177,275.14528150234605,1.0,,,,,,,,,,,,,,,,,,,,,,,,,,,,,,,,,,,,,,,,,-17.927183151245117,3.266303501172148e-05,0.09852951020002365,0.009347984567284584,0.420823335647583,675548
0.0,312.86339068971574,0.0,0.0,0.1687398593834505,1,0.0,0.0,29.173494010832798,0.2592961729455773,7.99999999999998,0.0,200.43594168693124,213.2910570973546,1.0,,,,,,,,,,,,,,,,,,,,,,,,,,,,,,,,,,,,,,,,,-18.33852767944336,3.2608877337122483e-05,0.12380211055278778,0.009336388669908047,0.5746400356292725,676320
,,,,,,,,,,,,,,,898.9130540099998,21,3887,2471.64,696321,596,0.163141667842865,,,,,,,,,,,,,,,,,,,,,,,,,,,,,,,,,,,,,,,
0.0,40.73700896487571,0.0,0.0,0.02023121387283237,0,0.0,0.0,30.433240948434367,-0.16178588545664932,1.2000000000000004,0.0,-15.693230889294984,16.184757230662346,1.0,,,,,,,,,,,,,,,,,,,,,,,,,,,,,,,,,,,,,,,,,-16.80517578125,3.260214589426553e-05,0.1443878561258316,0.009337852708995342,1.3587719202041626,676416
0.0,687.0846547465771,1.0,0.0,0.4007696536558549,0,0.0,0.0,32.36604903849751,0.382739382701512,30.7000000000003,0.0,585.2085161506118,166.88294443915944,0.0,,,,,,,,,,,,,,,,,,,,,,,,,,,,,,,,,,,,,,,,,-17.431896209716797,3.249509876651141e-05,0.12079622596502304,0.009344691410660744,-1.4219590425491333,677944
,,,,,,,,,,,,,,,,,,,,,,0.20544691383838654,1.2868883609771729,0.008983828127384186,0.2994695007801056,0.0910237655043602,0.1286025196313858,0.010257432237267494,0.159678116440773,0.1486242562532425,10.958626747131348,0.2498319447040558,0.2754634618759155,0.252063125371933,0.08467891812324524,0.15333302319049835,10.398391723632812,0.8740682005882263,0.43826529383659363,10.828689575195312,0.48138201236724854,20.44919776916504,21.479093551635742,0.354490727186203,21.288969039916992,0.3217592239379883,29.721284866333008,25.518741607666016,21.82033920288086,6.172843933105469,0.6092448830604553,7.215757846832275,12.664742469787598,0.3015405833721161,-16.50152015686035,3.235141348739959e-05,0.22151118516921997,0.009333224035799503,2.334242343902588,679999
0.0,1958.3967541027814,0.0,0.0,1.0,3,0.0,0.0,38.267590036403554,0.4587632915300215,35.10000000000014,1.0,1691.0014925796593,342.66866549139706,0.0,,,,,,,,,,,,,,,,,,,,,,,,,,,,,,,,,,,,,,,,,-17.11248016357422,3.223767410566886e-05,0.129964217543602,0.00933531578630209,-0.10458333045244217,681629
0.0,667.9390154606663,0.0,0.0,0.40404659717964436,0,0.0,0.0,23.745690235539374,0.2703948198999113,99.94999999999646,0.0,547.8199051172203,0.0,1.0,,,,,,,,,,,,,,,,,,,,,,,,,,,,,,,,,,,,,,,,,-17.66830062866211,3.209665547833943e-05,0.13783004879951477,0.009327867068350315,-0.20605888962745667,683654
,,,,,,,,,,,,,,,887.0841085399999,21,4224,2444.84,703655,600,0.16282810270786285,,,,,,,,,,,,,,,,,,,,,,,,,,,,,,,,,,,,,,,
0.0,213.18894964153878,0.0,0.0,0.09767229575536285,0,0.0,0.0,21.31617733715101,0.14307787403753702,3.999999999999994,0.0,103.15914718106418,129.01998655258666,1.0,,,,,,,,,,,,,,,,,,,,,,,,,,,,,,,,,,,,,,,,,-17.86925506591797,3.2046591189409545e-05,0.1115318089723587,0.009346753358840942,1.1514739990234375,684374
0.0,416.7870632119011,0.0,0.0,0.23576370409792444,0,0.0,0.0,22.261201126279254,0.40475832607618617,56.74999999999891,0.0,546.0189818767751,27.12152262335881,1.0,,,,,,,,,,,,,,,,,,,,,,,,,,,,,,,,,,,,,,,,,-17.401947021484375,3.195296644223363e-05,0.1383858472108841,0.009368984028697014,-1.4116501808166504,685722
0.0,2111.189822970191,0.0,0.0,1.0,1,0.0,0.0,37.564784756318694,0.4626449557597643,39.74999999999988,1.0,1872.7867809155257,215.36218144122734,0.0,,,,,,,,,,,,,,,,,,,,,,,,,,,,,,,,,,,,,,,,,-16.77740478515625,3.167271974588642e-05,0.14911597967147827,0.00939418375492096,0.6484739780426025,689769
,,,,,,,,,,,,,,,,,,,,,,0.21106389164924622,1.265547275543213,0.009603610262274742,0.3014996349811554,0.09975256025791168,0.12304327636957169,0.009460064582526684,0.16039393842220306,0.147175133228302,10.496692657470703,0.24719582498073578,0.2794264256954193,0.25120341777801514,0.09263265132904053,0.15917915105819702,10.621343612670898,0.8070281744003296,0.4555940628051758,10.702401161193848,0.49508750438690186,19.81267547607422,21.429899215698242,0.35362735390663147,21.088014602661133,0.317221999168396,30.39984130859375,25.720617294311523,21.166866302490234,6.656061172485352,0.6408078074455261,7.9023942947387695,12.5553560256958,0.2969271242618561,-17.993877410888672,3.165683036541849e-05,0.13720105588436127,0.009400968439877033,-4.6220197677612305,689999
0.0,1489.8399054007605,0.0,0.0,1.0,2,0.0,0.0,32.706951634491254,0.43734961983122933,75.24999999999787,1.0,1434.9441026662635,155.6354726638253,0.0,,,,,,,,,,,,,,,,,,,,,,,,,,,,,,,,,,,,,,,,,-17.89065933227539,3.1446506371661e-05,0.13290421664714813,0.009406941011548042,0.9431222677230835,693049
,,,,,,,,,,,,,,,879.14421534,21,4666,2416.19,713050,604,0.16241422295570374,,,,,,,,,,,,,,,,,,,,,,,,,,,,,,,,,,,,,,,
0.0,1048.6059237651061,0.0,0.0,0.6838592233009708,2,0.0,0.0,29.005552915188456,0.45115298132937043,82.54999999999745,0.0,1174.8023633816806,159.70816664478724,1.0,,,,,,,,,,,,,,,,,,,,,,,,,,,,,,,,,,,,,,,,,-18.48522186279297,3.126757027260308e-05,0.13436612486839294,0.00940341129899025,-1.9489519596099854,695652
0.0,114.0538760991767,0.0,0.0,0.06844336765596608,1,0.0,0.0,35.03433086532591,0.28704981540640834,0.0,0.0,67.45670662050595,100.44369897163725,1.0,,,,,,,,,,,,,,,,,,,,,,,,,,,,,,,,,,,,,,,,,-15.930967330932617,3.1251510000230343e-05,0.16523608565330505,0.009401416406035423,2.148250102996826,695886
,,,,,,,,,,,,,,,,,,,,,,0.20288434624671936,1.1511138677597046,0.010639587417244911,0.2952510714530945,0.0866413414478302,0.12387576699256897,0.00996608566492796,0.1666126251220703,0.1521395742893219,10.574295997619629,0.24363532662391663,0.2864692807197571,0.26676368713378906,0.0798485204577446,0.1488189399242401,10.014866828918457,0.8507260084152222,0.43759089708328247,11.21230411529541,0.4722049832344055,21.08293914794922,22.771509170532227,0.32975876331329346,20.797224044799805,0.3223884701728821,29.447961807250977,25.203250885009766,21.69533920288086,5.83058500289917,0.7159979343414307,6.816037178039551,12.986953735351562,0.31328830122947693,-17.803926467895508,3.0969904342598245e-05,0.14052295684814453,0.00940262246876955,0.05406785011291504,699999
0.0,1903.4921781944577,0.0,0.0,1.0,2,0.0,0.0,32.459794336407455,0.42787048066997585,79.09999999999765,1.0,1807.324910349978,310.9250634930692,0.0,,,,,,,,,,,,,,,,,,,,,,,,,,,,,,,,,,,,,,,,,-17.555553436279297,3.096239073364711e-05,0.1611672043800354,0.009406756609678268,-2.541114330291748,700109
0.0,1561.9731313325465,0.0,0.0,1.0,3,0.0,0.0,35.42328236321569,0.38798420140613904,16.5500000000001,1.0,1232.2378236658976,590.2309479834964,0.0,,,,,,,,,,,,,,,,,,,,,,,,,,,,,,,,,,,,,,,,,-16.26897621154785,3.074591997003843e-05,0.13211078941822052,0.009393435902893543,1.0362873077392578,703284
,,,,,,,,,,,,,,,888.92515903,21,5154,2414.86,723285,608,0.1620362251996994,,,,,,,,,,,,,,,,,,,,,,,,,,,,,,,,,,,,,,,
0.0,160.31826865766197,0.0,0.0,0.06272912423625254,0,0.0,0.0,42.180817620200905,0.23323372790142755,1.850000000000001,0.0,63.906041444991146,0.0,1.0,,,,,,,,,,,,,,,,,,,,,,,,,,,,,,,,,,,,,,,,,-17.322006225585938,3.072734293164684e-05,0.13007454574108124,0.00938940979540348,-0.8746601939201355,703557
0.0,1263.9578822478652,1.0,0.0,0.7875523638539796,1,0.0,0.0,36.98905452320728,0.45080869185342615,20.600000000000158,0.0,1109.4401906512817,228.99175630936918,0.0,,,,,,,,,,,,,,,,,,,,,,,,,,,,,,,,,,,,,,,,,-16.71936798095703,3.0560202843123075e-05,0.15782201290130615,0.009365424513816833,1.0195293426513672,706017
0.0,745.2197299581021,0.0,0.0,0.36810384793694945,0,0.0,0.0,24.44487741679555,0.4132561270119556,72.54999999999802,0.0,907.5104549182545,252.0600979662836,1.0,,,,,,,,,,,,,,,,,,,,,,,,,,,,,,,,,,,,,,,,,-17.414094924926758,3.0411458873502226e-05,0.1672194004058838,0.009314088150858879,2.5707201957702637,708212
0.0,94.56949018314481,0.0,0.0,0.058860363180964305,0,0.0,0.0,27.626591212299992,-0.22586686687146454,0.0,0.0,-55.789116117251744,51.15001307068075,1.0,,,,,,,,,,,,,,,,,,,,,,,,,,,,,,,,,,,,,,,,,-18.19496726989746,3.0394811696423895e-05,0.13895174860954285,0.009306284599006176,0.2804727554321289,708458
,,,,,,,,,,,,,,,869.9830876400001,21,5396,2353.56,728459,612,0.16179470717906952,,,,,,,,,,,,,,,,,,,,,,,,,,,,,,,,,,,,,,,
,,,,,,,,,,,,,,,,,,,,,,0.21003374457359314,1.1845463514328003,0.01118883490562439,0.2929627001285553,0.10170018672943115,0.12405683100223541,0.009990035556256771,0.16212543845176697,0.15225347876548767,10.553092956542969,0.23618581891059875,0.28740185499191284,0.2666163742542267,0.09348416328430176,0.1432017982006073,9.573305130004883,0.8498183488845825,0.4346526861190796,10.838384628295898,0.4831452965736389,21.37957191467285,22.68014907836914,0.3404408097267151,20.091524124145508,0.3231707215309143,29.057334899902344,24.921340942382812,21.60456085205078,6.7988457679748535,0.7479943037033081,7.952380180358887,12.951685905456543,0.31980523467063904,-17.818313598632812,3.0290635418938867e-05,0.1777006983757019,0.00930734071880579,-0.01601111888885498,709999
0.0,2080.7038311986253,0.0,0.0,1.0,3,0.0,0.0,42.28386511219485,0.49892201525706165,12.650000000000045,1.0,1768.1796220710264,249.91827675488264,0.0,,,,,,,,,,,,,,,,,,,,,,,,,,,,,,,,,,,,,,,,,-16.632862091064453,3.015556570446859e-05,0.14164488017559052,0.009270706214010715,-0.2548086643218994,712001
0.0,438.4569115135819,0.0,0.0,0.211441647597254,1,0.0,0.0,31.244914626103235,0.2415708844324106,18.350000000000126,0.0,244.22816416116711,151.04211329717288,1.0,,,,,,,,,,,,,,,,,,,,,,,,,,,,,,,,,,,,,,,,,-17.939027786254883,3.008754010979734e-05,0.13318823277950287,0.009254584088921547,-1.2397210597991943,713011
0.0,11.525935482233763,0.0,0.0,0.008,0,0.0,0.0,16.745087948269433,-0.7382004175064044,0.0,0.0,-36.91002087532022,0.0,1.0,,,,,,,,,,,,,,,,,,,,,,,,,,,,,,,,,,,,,,,,,-17.773008346557617,3.0084241844847322e-05,0.15940117835998535,0.009253988042473793,-0.7046109437942505,713060
0.0,2334.9367109052837,0.0,0.0,1.0,6,0.0,0.0,41.268296756526816,0.4889587203070657,11.850000000000033,1.0,1992.5067852512927,548.6338975562775,0.0,,,,,,,,,,,,,,,,,,,,,,,,,,,,,,,,,,,,,,,,,-17.221778869628906,2.9810657758668185e-05,0.21159964799880981,0.00924273394048214,1.726954698562622,717134
,,,,,,,,,,,,,,,857.73178508,21,5814,2287.27,737135,616,0.16142910718917847,,,,,,,,,,,,,,,,,,,,,,,,,,,,,,,,,,,,,,,
0.0,141.3197519807145,0.0,0.0,0.06820365033621517,0,0.0,0.0,33.650193252504415,0.3163345518574283,0.0,0.0,95.84936921280078,91.87534221490601,1.0,,,,,,,,,,,,,,,,,,,,,,,,,,,,,,,,,,,,,,,,,-18.03070831298828,2.979042794403695e-05,0.15473878383636475,0.009242214262485504,0.33152467012405396,717436
0.0,39.68719537276775,0.0,0.0,0.024699176694110196,0,0.0,0.0,21.585291684768997,-0.019145886968829285,1.7000000000000008,0.0,-2.546402966854295,30.42560878334599,1.0,,,,,,,,,,,,,,,,,,,,,,,,,,,,,,,,,,,,,,,,,-18.013256072998047,2.9781587966702908e-05,0.1726159155368805,0.009240002371370792,0.2923439145088196,717568
0.0,698.2747898958623,0.0,0.0,0.2671009771986971,4,0.0,0.0,31.225204918503817,0.2624194677554659,27.450000000000255,0.0,422.75776255405555,247.08115577332427,1.0,,,,,,,,,,,,,,,,,,,,,,,,,,,,,,,,,,,,,,,,,-17.612415313720703,2.9673874407305e-05,0.1383732259273529,0.009216908365488052,1.079309344291687,719178
0.0,249.1002148538828,0.0,0.0,0.13312034078807242,1,0.0,0.0,43.05899087922295,0.3701261834212827,1.5000000000000007,0.0,154.34261848667487,58.48889641397407,1.0,,,,,,,,,,,,,,,,,,,,,,,,,,,,,,,,,,,,,,,,,-17.993087768554688,2.9646075096852992e-05,0.1382855772972107,0.00921699684113264,0.26614782214164734,719594
,,,,,,,,,,,,,,,815.3920383299999,21,5928,2185.78,739595,620,0.16132418811321259,,,,,,,,,,,,,,,,,,,,,,,,,,,,,,,,,,,,,,,
,,,,,,,,,,,,,,,,,,,,,,0.20676225423812866,1.2011991739273071,0.012475167401134968,0.30761295557022095,0.09355191886425018,0.13732479512691498,0.009893284179270267,0.16294969618320465,0.16234090924263,11.078145027160645,0.25269395112991333,0.29979103803634644,0.2814059257507324,0.08832906931638718,0.15125755965709686,10.021394729614258,0.7981023788452148,0.4357999265193939,10.796043395996094,0.47579166293144226,22.132991790771484,22.701332092285156,0.36010873317718506,20.385107040405273,0.3192487359046936,28.8734188079834,24.81548309326172,21.15145492553711,6.198173999786377,0.8265277743339539,7.12560510635376,13.096223831176758,0.3340635299682617,-17.405569076538086,2.9619023594440348e-05,0.1400257796049118,0.0092252092435956,-1.3377187252044678,719999
1.0,1234.2977895680815,0.0,0.0,0.7948243992606284,2,0.0,0.0,33.27410830613995,0.4622310551801937,60.5499999999987,0.0,1235.0813794414776,154.52910945876943,0.0,,,,,,,,,,,,,,,,,,,,,,,,,,,,,,,,,,,,,,,,,-19.041728973388672,2.9467900491023207e-05,0.1491958200931549,0.009222444146871567,0.348222553730011,722265
0.0,302.9828581213951,0.0,0.0,0.12181663837011884,1,0.0,0.0,39.7007826094914,0.3631677785906474,3.049999999999997,0.0,199.74227822485608,130.77519241611682,1.0,,,,,,,,,,,,,,,,,,,,,,,,,,,,,,,,,,,,,,,,,-17.628387451171875,2.9431345985433913e-05,0.19793322682380676,0.00921678077429533,-2.3282618522644043,722814
0.0,123.54625296406448,0.0,0.0,0.052494577006507594,0,0.0,0.0,35.937032107915975,0.29218072788489685,0.0,0.0,72.46082051545442,44.60044639683988,1.0,,,,,,,,,,,,,,,,,,,,,,,,,,,,,,,,,,,,,,,,,-18.637598037719727,2.9414907314496555e-05,0.15068699419498444,0.009214425459504128,-4.1177167892456055,723061
0.0,1076.0065363533795,0.0,0.0,0.5478481012658228,0,0.0,0.0,21.34282173309751,0.4190999739511343,179.6000000000066,0.0,1521.7520054165686,0.0,1.0,,,,,,,,,,,,,,,,,,,,,,,,,,,,,,,,,,,,,,,,,-17.893329620361328,2.917385756101696e-05,0.14935079216957092,0.009222381748259068,0.0127592533826828,726691
,,,,,,,,,,,,,,,796.5196348400001,21,6277,2110.43,746692,624,0.16100718080997467,,,,,,,,,,,,,,,,,,,,,,,,,,,,,,,,,,,,,,,
0.0,457.67893630545586,0.0,0.0,0.23302840635532018,1,0.0,0.0,28.528963968032272,0.3759584463439562,33.80000000000022,0.0,434.6079639736134,90.65361676834193,1.0,,,,,,,,,,,,,,,,,,,,,,,,,,,,,,,,,,,,,,,,,-18.201095581054688,2.9097371503675058e-05,0.1793740838766098,0.009224659763276577,0.16786673665046692,727846
0.0,619.2010579286143,0.0,0.0,0.26364739183178326,0,0.0,0.0,37.27079364027503,0.3214239781931843,6.699999999999984,0.0,384.7445018972416,89.83804830277415,1.0,,,,,,,,,,,,,,,,,,,,,,,,,,,,,,,,,,,,,,,,,-18.16352653503418,2.9018278007855725e-05,0.13883651793003082,0.009216868318617344,-11.011615753173828,729042
0.0,35.26724352315068,0.0,0.0,0.015645954403218598,0,0.0,0.0,29.047096756687555,-0.1437994188358772,0.0,0.0,-12.654348857557196,2.2447822634954666,1.0,,,,,,,,,,,,,,,,,,,,,,,,,,,,,,,,,,,,,,,,,-17.994205474853516,2.9012528824685356e-05,0.14417165517807007,0.009217905811965466,0.9895582795143127,729129
,,,,,,,,,,,,,,,,,,,,,,0.20699647068977356,1.172706127166748,0.012718765065073967,0.3050491213798523,0.08609107881784439,0.1375088095664978,0.009408002719283104,0.16215555369853973,0.15973451733589172,11.077329635620117,0.25626230239868164,0.30497902631759644,0.28874409198760986,0.08464658260345459,0.165023073554039,10.739706993103027,0.7578827142715454,0.4447213113307953,10.553089141845703,0.4828477203845978,21.378355026245117,23.260425567626953,0.3576507568359375,20.643783569335938,0.33736664056777954,28.942476272583008,24.57391357421875,21.95583152770996,5.602810382843018,0.8277376294136047,6.81889533996582,12.86777114868164,0.32849329710006714,-18.488346099853516,2.8955068869102705e-05,0.17895099520683289,0.009230476804077625,1.0776453018188477,729999
0.0,626.6003287127241,0.0,0.0,0.2765169059749884,0,0.0,0.0,33.68490746613853,0.2345424654875158,8.549999999999986,0.0,314.2869037532712,166.64262135445213,1.0,,,,,,,,,,,,,,,,,,,,,,,,,,,,,,,,,,,,,,,,,-18.103601455688477,2.8924117372775632e-05,0.1704253852367401,0.009234113618731499,-0.9387204647064209,730468
,,,,,,,,,,,,,,,761.30735821,21,6458,2027.09,750469,628,0.16081468760967255,,,,,,,,,,,,,,,,,,,,,,,,,,,,,,,,,,,,,,,
0.0,634.4297656845301,0.0,0.0,0.42435897435897435,1,0.0,0.0,37.67563017473768,0.4748373590193251,27.70000000000026,0.0,575.9777164904414,65.12374627456418,1.0,,,,,,,,,,,,,,,,,,,,,,,,,,,,,,,,,,,,,,,,,-17.72998046875,2.8844209844618834e-05,0.1494169533252716,0.009244880639016628,0.37680137157440186,731680
0.0,354.6491598971188,0.0,0.0,0.22111436950146626,0,0.0,0.0,22.902209938515654,0.43068005251476393,44.24999999999962,0.0,480.63893860647653,86.40423702679531,1.0,,,,,,,,,,,,,,,,,,,,,,,,,,,,,,,,,,,,,,,,,-16.987930297851562,2.8770796891665547e-05,0.1843457818031311,0.009248629212379456,0.7346221208572388,732795
0.0,1106.3929829625413,0.0,0.0,0.5863874345549738,4,0.0,0.0,38.20435102980976,0.45121912837292605,9.650000000000002,0.0,941.2431017859237,451.59489564184776,1.0,,,,,,,,,,,,,,,,,,,,,,,,,,,,,,,,,,,,,,,,,-17.483352661132812,2.8633773402531608e-05,0.17225509881973267,0.009274087846279144,1.2899187803268433,734880
0.0,1555.1817411724478,0.0,0.0,1.0,4,0.0,0.0,33.84065312851025,0.5092029336854041,71.2999999999981,1.0,1685.4617104986878,271.9139897585717,0.0,,,,,,,,,,,,,,,,,,,,,,,,,,,,,,,,,,,,,,,,,-17.69844627380371,2.841699357290266e-05,0.17084114253520966,0.009327716194093227,-0.018136605620384216,738189
,,,,,,,,,,,,,,,769.3921943500002,21,6816,2005.41,758190,632,0.16051438450813293,,,,,,,,,,,,,,,,,,,,,,,,,,,,,,,,,,,,,,,
0.0,36.253228925168514,0.0,0.0,0.01396529834955565,0,0.0,0.0,31.649755305761737,-0.15407724257416616,0.0,0.0,-12.788411133655792,0.0,1.0,,,,,,,,,,,,,,,,,,,,,,,,,,,,,,,,,,,,,,,,,-18.471078872680664,2.841163221923967e-05,0.1412120759487152,0.009325780905783176,-2.1470882892608643,738271
0.0,182.63691167812794,0.0,0.0,0.0898936170212766,1,0.0,0.0,33.526211167340435,0.2888870139881301,0.0,0.0,113.53259649733513,140.20631414413975,1.0,,,,,,,,,,,,,,,,,,,,,,,,,,,,,,,,,,,,,,,,,-18.37926483154297,2.8386009447187518e-05,0.13561038672924042,0.009322496131062508,2.564681053161621,738663
0.0,11.846525760367513,0.0,0.0,0.008387096774193548,0,0.0,0.0,16.89605165196234,-0.7710301602780774,0.0,0.0,-39.32253817418194,0.0,1.0,,,,,,,,,,,,,,,,,,,,,,,,,,,,,,,,,,,,,,,,,-18.331811904907227,2.8382742082576022e-05,0.18906190991401672,0.009323815815150738,-1.2598223686218262,738713
,,,,,,,,,,,,,,,,,,,,,,0.22573548555374146,1.1295474767684937,0.0111162718385458,0.292060911655426,0.0969790369272232,0.14347507059574127,0.008808031678199768,0.181315079331398,0.16484490036964417,11.70322322845459,0.24958297610282898,0.2991611957550049,0.28287771344184875,0.08429549634456635,0.16601070761680603,10.643237113952637,0.7184687256813049,0.44467103481292725,11.624427795410156,0.4805752635002136,20.69424819946289,23.07425880432129,0.3379167914390564,20.358415603637695,0.33690017461776733,28.508638381958008,23.823328018188477,21.599260330200195,6.217495918273926,0.7126836776733398,6.875960350036621,13.4463529586792,0.3227840065956116,-18.17951202392578,2.8298771242925917e-05,0.17073877155780792,0.009329059161245823,2.4697861671447754,739999
0.0,1457.1357710799202,0.0,0.0,0.9145972138098122,2,0.0,0.0,35.70052931422326,0.36537686310751094,24.95000000000022,0.0,1074.2079775360821,276.1939004610494,1.0,,,,,,,,,,,,,,,,,,,,,,,,,,,,,,,,,,,,,,,,,-18.199844360351562,2.819102271619784e-05,0.20880836248397827,0.00934445858001709,-0.15158653259277344,741652
,,,,,,,,,,,,,,,753.4519455300002,21,6995,1969.72,761653,636,0.1603531539440155,,,,,,,,,,,,,,,,,,,,,,,,,,,,,,,,,,,,,,,
0.0,254.1691504176706,0.0,0.0,0.10173160173160173,3,0.0,0.0,36.05699894562487,0.36187171844117566,0.0,0.0,183.83083296811725,203.4739061012964,1.0,,,,,,,,,,,,,,,,,,,,,,,,,,,,,,,,,,,,,,,,,-17.743318557739258,2.8158016547190332e-05,0.20182684063911438,0.009338388219475746,-0.6175603270530701,742159
0.0,189.80271068774164,0.0,0.0,0.1304631441617743,0,0.0,0.0,30.88380726170351,0.1545869891359253,4.3499999999999925,0.0,68.48203618721492,89.6137520542165,1.0,,,,,,,,,,,,,,,,,,,,,,,,,,,,,,,,,,,,,,,,,-18.051773071289062,2.812925799746949e-05,0.1748790740966797,0.009336789138615131,0.1809690296649933,742601
0.0,524.2223615273833,0.0,0.0,0.2413793103448276,1,0.0,0.0,31.448300589158244,0.4471921082628585,32.15000000000031,0.0,537.077722023693,88.34536498856073,1.0,,,,,,,,,,,,,,,,,,,,,,,,,,,,,,,,,,,,,,,,,-18.05176544189453,2.8051255924656077e-05,0.14662516117095947,0.009331394918262959,1.4653651714324951,743801
0.0,113.21108430344611,1.0,0.0,0.05241379310344828,0,0.0,0.0,31.460767664274357,0.07159136010707215,0.0,0.0,18.613753627838758,0.0,0.0,,,,,,,,,,,,,,,,,,,,,,,,,,,,,,,,,,,,,,,,,-18.817489624023438,2.8034434944635283e-05,0.17148436605930328,0.009335346519947052,-0.01796894520521164,744060
,,,,,,,,,,,,,,,707.9248320099999,21,7110,1863.01,764061,640,0.16024059057235718,,,,,,,,,,,,,,,,,,,,,,,,,,,,,,,,,,,,,,,
0.0,898.5588978100568,0.0,0.0,0.37330415754923413,3,0.0,0.0,33.41304480482421,0.29610023120702456,33.55000000000023,0.0,573.5461478480065,241.3668965088591,1.0,,,,,,,,,,,,,,,,,,,,,,,,,,,,,,,,,,,,,,,,,-18.239646911621094,2.7908862437606768e-05,0.17858171463012695,0.009326941333711147,1.1827861070632935,745996
,,,,,,,,,,,,,,,,,,,,,,0.22173425555229187,1.1287957429885864,0.012014303356409073,0.31082335114479065,0.10255560278892517,0.1344939023256302,0.008857352659106255,0.17622685432434082,0.1688123345375061,10.577384948730469,0.2605132460594177,0.31414586305618286,0.29676002264022827,0.09126289188861847,0.16326174139976501,10.551604270935059,0.6965938806533813,0.4391888976097107,11.389538764953613,0.46786510944366455,21.16310691833496,23.338937759399414,0.3546065092086792,20.48828125,0.32657164335250854,28.38477325439453,24.44495964050293,21.1063232421875,6.628167152404785,0.7764842510223389,7.177445888519287,13.276386260986328,0.3274502754211426,-18.763904571533203,2.7650130715909994e-05,0.18131615221500397,0.009361602365970612,0.5238492488861084,749999
0.0,1777.4808245273307,0.0,0.0,0.7880794701986755,2,0.0,0.0,26.373652691282164,0.42023976088438275,170.20000000000445,0.0,2039.8437993327939,318.92199687971396,1.0,,,,,,,,,,,,,,,,,,,,,,,,,,,,,,,,,,,,,,,,,-19.224607467651367,2.7595349359098704e-05,0.16158431768417358,0.009362990967929363,-1.6049394607543945,750849
0.0,1531.7139684930444,0.0,0.0,0.6265010351966873,4,0.0,0.0,36.836285387421285,0.43102173889954865,40.04999999999986,0.0,1290.9101080041482,383.39667411338803,1.0,,,,,,,,,,,,,,,,,,,,,,,,,,,,,,,,,,,,,,,,,-17.528472900390625,2.740283071113373e-05,0.21111679077148438,0.009389074519276619,0.6576912999153137,753843
0.0,702.9258748376742,0.0,0.0,0.32142857142857145,2,0.0,0.0,33.13797156915975,0.2766741775706762,10.750000000000018,0.0,422.7581433279932,331.84530908785337,1.0,,,,,,,,,,,,,,,,,,,,,,,,,,,,,,,,,,,,,,,,,-17.732316970825195,2.730490664906787e-05,0.1944844126701355,0.009403334930539131,0.8098872900009155,755370
,,,,,,,,,,,,,,,679.0270303000001,21,7642,1806.61,775371,644,0.15973152220249176,,,,,,,,,,,,,,,,,,,,,,,,,,,,,,,,,,,,,,,
0.0,1784.4782460145652,0.0,0.0,0.9121926743602609,3,0.0,0.0,36.43855257579253,0.42589169219839956,47.29999999999945,0.0,1502.1199983837553,312.2461252910372,1.0,,,,,,,,,,,,,,,,,,,,,,,,,,,,,,,,,,,,,,,,,-17.086223602294922,2.70794720496074e-05,0.21360355615615845,0.009406034834682941,-0.6185480952262878,758896
,,,,,,,,,,,,,,,,,,,,,,0.20989707112312317,1.1805224418640137,0.014493463560938835,0.31025588512420654,0.10241234302520752,0.13776805996894836,0.009139238856732845,0.1593647599220276,0.17351573705673218,10.782806396484375,0.26381224393844604,0.30905044078826904,0.2897387146949768,0.09343419224023819,0.16429664194583893,10.655853271484375,0.7153083682060242,0.4435628354549408,10.335983276367188,0.47630494832992554,20.785442352294922,22.67721939086914,0.3648409843444824,20.64801025390625,0.3372349143028259,28.768333435058594,24.28305435180664,21.87217903137207,6.642198085784912,0.9400083422660828,7.312891006469727,13.580699920654297,0.3204791247844696,-18.153118133544922,2.7009147288054944e-05,0.17572787404060364,0.009416401386260986,1.1468677520751953,759999
0.0,1814.3820668235421,0.0,0.0,0.9118226600985222,5,0.0,0.0,39.29037782496076,0.4797034331058361,42.54999999999972,0.0,1595.4936185100107,269.69485655404617,1.0,,,,,,,,,,,,,,,,,,,,,,,,,,,,,,,,,,,,,,,,,-19.22826385498047,2.6867760500468185e-05,0.1509421169757843,0.009412617422640324,0.4879077076911926,762221
0.0,1918.8455562274903,0.0,0.0,0.9246919214970333,4,0.0,0.0,34.66817927805349,0.4891445925952753,69.04999999999822,0.0,1949.7303460847675,380.8200905726836,1.0,,,,,,,,,,,,,,,,,,,,,,,,,,,,,,,,,,,,,,,,,-18.97149085998535,2.6615140274625633e-05,0.16753962635993958,0.009383345022797585,-1.7895166873931885,766206
0.0,1733.4803763255477,0.0,0.0,0.9383599339570721,3,0.0,0.0,34.42232525341838,0.38982050441632604,55.89999999999896,0.0,1413.8789695180146,504.8433477595925,1.0,,,,,,,,,,,,,,,,,,,,,,,,,,,,,,,,,,,,,,,,,-17.338092803955078,2.6386334640016135e-05,0.1451255828142166,0.009306496940553188,-2.630462408065796,769832
,,,,,,,,,,,,,,,734.3380432299999,21,8336,1886.11,789833,648,0.15904001891613007,,,,,,,,,,,,,,,,,,,,,,,,,,,,,,,,,,,,,,,
,,,,,,,,,,,,,,,,,,,,,,0.19334229826927185,1.2402448654174805,0.014730344526469707,0.3115684390068054,0.09109453856945038,0.14330777525901794,0.00972241535782814,0.14562156796455383,0.1635226011276245,11.408896446228027,0.27567601203918457,0.2918376624584198,0.2775770127773285,0.07473120838403702,0.16475671529769897,10.599592208862305,0.7740126848220825,0.4537995755672455,9.368535995483398,0.4831464886665344,22.058822631835938,22.09822654724121,0.361950159072876,21.946884155273438,0.34149032831192017,29.195110321044922,24.8043212890625,21.969715118408203,5.8605499267578125,0.9476739168167114,5.949437618255615,13.01822280883789,0.3428754210472107,-18.40790557861328,2.6375820959360748e-05,0.17577046155929565,0.009304567240178585,1.4023760557174683,769999
0.0,1490.1211496889591,0.0,0.0,1.0,4,0.0,0.0,38.30563103182992,0.5233848352900978,43.54999999999966,1.0,1466.5243084828542,250.1346158981383,0.0,,,,,,,,,,,,,,,,,,,,,,,,,,,,,,,,,,,,,,,,,-18.40201759338379,2.621027686742751e-05,0.18677276372909546,0.009267253801226616,0.10899326205253601,772633
0.0,582.481570828706,0.0,0.0,0.2670509125840538,2,0.0,0.0,39.14350139173635,0.3249030721771,4.849999999999991,0.0,348.2960933738512,172.9603653882681,1.0,,,,,,,,,,,,,,,,,,,,,,,,,,,,,,,,,,,,,,,,,-18.254592895507812,2.6143117578157148e-05,0.18315696716308594,0.009244396351277828,1.6972837448120117,773704
0.0,190.50180749874562,0.0,0.0,0.07873042044517725,0,0.0,0.0,41.61103202263174,0.40426210849328065,0.0,0.0,133.40649580278262,41.484444985106144,1.0,,,,,,,,,,,,,,,,,,,,,,,,,,,,,,,,,,,,,,,,,-19.150224685668945,2.612250458111202e-05,0.15007402002811432,0.009236499667167664,1.1779978275299072,774033
0.0,2064.182052772492,0.0,0.0,1.0,3,0.0,0.0,28.03087447513309,0.36770561360520887,117.79999999999545,1.0,1950.3105745620278,358.5437967742769,0.0,,,,,,,,,,,,,,,,,,,,,,,,,,,,,,,,,,,,,,,,,-18.59419059753418,2.57913965960254e-05,0.15966695547103882,0.00916450284421444,0.42387813329696655,779336
,,,,,,,,,,,,,,,744.91932235,21,8800,1912.43,799337,652,0.15858440101146698,,,,,,,,,,,,,,,,,,,,,,,,,,,,,,,,,,,,,,,
,,,,,,,,,,,,,,,,,,,,,,0.20241130888462067,1.2315679788589478,0.014386530965566635,0.30975568294525146,0.10708621144294739,0.13582682609558105,0.009874051436781883,0.14553913474082947,0.16689226031303406,10.64126968383789,0.2792614698410034,0.30172449350357056,0.28629857301712036,0.08850674331188202,0.157332181930542,10.296087265014648,0.7735764980316162,0.4385574460029602,9.524330139160156,0.47135868668556213,21.674314498901367,22.429887771606445,0.37159422039985657,21.878570556640625,0.33397552371025085,28.699949264526367,24.267620086669922,21.85593032836914,7.007905006408691,0.9414792656898499,6.934007167816162,13.075072288513184,0.3312003016471863,-19.244367599487305,2.5750151729827418e-05,0.1365138441324234,0.009153148159384727,-0.2762048840522766,779999
0.0,558.4742909022607,0.0,0.0,0.34617664493183165,1,0.0,0.0,29.00840396174484,0.4587576555363841,44.49999999999961,0.0,636.2968682289647,169.51197166025042,1.0,,,,,,,,,,,,,,,,,,,,,,,,,,,,,,,,,,,,,,,,,-18.405128479003906,2.5705212661605765e-05,0.16295334696769714,0.009150124154984951,-0.9421079158782959,780722
0.0,977.6253012381494,1.0,0.0,0.5514912774338773,0,0.0,0.0,21.725648044752493,0.29725971225602454,145.09999999999874,0.0,963.4187274217755,0.0,0.0,,,,,,,,,,,,,,,,,,,,,,,,,,,,,,,,,,,,,,,,,-17.828420639038086,2.550431755620104e-05,0.15098801255226135,0.009115958586335182,2.157346248626709,783962
0.0,1852.170713876374,0.0,0.0,1.0,4,0.0,0.0,37.366608963450325,0.5069283068819123,56.49999999999893,1.0,1809.7340555684268,298.0441000589724,0.0,,,,,,,,,,,,,,,,,,,,,,,,,,,,,,,,,,,,,,,,,-18.616350173950195,2.5283953305068222e-05,0.1391049027442932,0.009075796231627464,-0.3041952848434448,787531
0.0,252.76850161794573,0.0,0.0,0.12046962736089842,0,0.0,0.0,30.975274169650863,0.08239802301143306,16.950000000000106,0.0,48.45003753072264,0.0,1.0,,,,,,,,,,,,,,,,,,,,,,,,,,,,,,,,,,,,,,,,,-19.68707275390625,2.524780299125005e-05,0.16226732730865479,0.00907156988978386,-0.6513875722885132,788118
,,,,,,,,,,,,,,,740.6231215,21,9212,1890.38,808119,656,0.15809184312820435,,,,,,,,,,,,,,,,,,,,,,,,,,,,,,,,,,,,,,,
,,,,,,,,,,,,,,,,,,,,,,0.18545377254486084,1.2252197265625,0.013243701308965683,0.30852508544921875,0.09379592537879944,0.14528518915176392,0.009202408604323864,0.13639095425605774,0.1637149155139923,11.6177339553833,0.2663331627845764,0.2953013479709625,0.27887988090515137,0.07860612124204636,0.16002100706100464,10.528207778930664,0.7358708381652832,0.4540660083293915,8.97352409362793,0.4842323064804077,22.461965560913086,22.30063819885254,0.36180904507637024,21.297338485717773,0.32100337743759155,29.87421226501465,24.67121696472168,21.119667053222656,6.171083927154541,0.8713383674621582,6.285740375518799,13.09146785736084,0.34140533208847046,-18.246562957763672,2.5132139599454947e-05,0.15136253833770752,0.009069674648344517,0.6758487820625305,789999
0.0,1470.8609623610973,0.0,0.0,1.0,5,0.0,0.0,38.65209804326851,0.4394195242341651,6.399999999999985,1.0,1204.4489159258464,464.91842112612454,0.0,,,,,,,,,,,,,,,,,,,,,,,,,,,,,,,,,,,,,,,,,-17.913143157958984,2.5079409480004844e-05,0.18694129586219788,0.009065831080079079,0.7190529108047485,790858
0.0,1598.013962559402,0.0,0.0,1.0,6,0.0,0.0,33.65335039927516,0.4942481212634558,89.44999999999706,1.0,1690.3285747210189,395.0177399379798,0.0,,,,,,,,,,,,,,,,,,,,,,,,,,,,,,,,,,,,,,,,,-18.915725708007812,2.487009253732392e-05,0.16354641318321228,0.009068707004189491,0.17033831775188446,794277
0.0,873.1960287718102,0.0,0.0,0.47279260780287474,1,0.0,0.0,33.43492253180796,0.5059534760845508,49.24999999999934,0.0,951.69848851504,46.38951240142892,1.0,,,,,,,,,,,,,,,,,,,,,,,,,,,,,,,,,,,,,,,,,-18.713226318359375,2.4755377173311337e-05,0.1708807349205017,0.009079895913600922,-1.2872288227081299,796157
0.0,113.39235505834222,1.0,0.0,0.04617899468737229,0,0.0,0.0,23.60892574611193,0.05181162366920849,2.25,0.0,17.978633413215345,23.481371880766392,0.0,,,,,,,,,,,,,,,,,,,,,,,,,,,,,,,,,,,,,,,,,-18.86191749572754,2.4734294152163897e-05,0.17700454592704773,0.00908582005649805,0.21583527326583862,796503
,,,,,,,,,,,,,,,759.49953559,21,9623,1916.31,816504,660,0.1576988846063614,,,,,,,,,,,,,,,,,,,,,,,,,,,,,,,,,,,,,,,
0.0,1600.110279590357,0.0,0.0,1.0,6,0.0,0.0,38.53526134532248,0.3821303978243608,18.05000000000012,1.0,1142.9520198926632,460.5202561815631,0.0,,,,,,,,,,,,,,,,,,,,,,,,,,,,,,,,,,,,,,,,,-18.87594223022461,2.455248461067909e-05,0.14155061542987823,0.009123186580836773,2.270763397216797,799493
,,,,,,,,,,,,,,,,,,,,,,0.189271479845047,1.3191924095153809,0.01651144213974476,0.3073142170906067,0.09714408963918686,0.14315611124038696,0.010270176455378532,0.1414996087551117,0.1659700870513916,11.29741096496582,0.2838723361492157,0.2903261184692383,0.27232691645622253,0.08424867689609528,0.15844231843948364,10.24126148223877,0.8104886412620544,0.47414737939834595,9.146132469177246,0.5139884948730469,20.636133193969727,21.491147994995117,0.3829960227012634,22.40227508544922,0.3400917649269104,30.647539138793945,24.25223159790039,21.982566833496094,6.279118061065674,1.0672527551651,6.648629665374756,13.097814559936523,0.3192611336708069,-17.908323287963867,2.4521784568243344e-05,0.2063187211751938,0.00912516564130783,1.3754860162734985,799999
0.0,1674.5243325841147,0.0,0.0,1.0,3,0.0,0.0,28.077268095896553,0.47401461007679724,127.79999999999488,1.0,2036.366764889921,300.6000980283333,0.0,,,,,,,,,,,,,,,,,,,,,,,,,,,,,,,,,,,,,,,,,-18.032316207885742,2.4292521330877807e-05,0.15593501925468445,0.009118710644543171,0.9828872680664062,803788
0.0,1884.7645258437842,0.0,0.0,1.0,9,0.0,0.0,39.87052770287959,0.4523812890051942,13.05000000000005,1.0,1540.3582890626863,559.29167516233,0.0,,,,,,,,,,,,,,,,,,,,,,,,,,,,,,,,,,,,,,,,,-18.068695068359375,2.408749093280655e-05,0.20240381360054016,0.009108273312449455,0.8772222995758057,807192
,,,,,,,,,,,,,,,,,,,,,,0.18967285752296448,1.1937097311019897,0.016384907066822052,0.3122142553329468,0.10428844392299652,0.14912132918834686,0.010037807747721672,0.13448002934455872,0.1692415326833725,11.685325622558594,0.26857972145080566,0.29727667570114136,0.2805525064468384,0.08639475703239441,0.16316843032836914,10.590137481689453,0.7865745425224304,0.4663822650909424,8.728171348571777,0.4914820194244385,21.209379196166992,21.98442840576172,0.3548620641231537,21.046226501464844,0.3292691111564636,30.269655227661133,24.465482711791992,21.370586395263672,6.768643856048584,1.0634312629699707,6.769996166229248,13.261967658996582,0.32678526639938354,-18.567115783691406,2.3919086636192607e-05,0.1273595690727234,0.009095612913370132,-0.620530903339386,809999
0.0,1613.83143677935,0.0,0.0,1.0,4,0.0,0.0,31.30927226534582,0.4839126549819662,92.84999999999687,1.0,1796.7676879480405,266.66086554128003,0.0,,,,,,,,,,,,,,,,,,,,,,,,,,,,,,,,,,,,,,,,,-18.274600982666016,2.386492031385724e-05,0.1290045976638794,0.009090045467019081,1.3399403095245361,810904
,,,,,,,,,,,,,,,796.36995471,21,10302,1979.01,830905,664,0.15708181262016296,,,,,,,,,,,,,,,,,,,,,,,,,,,,,,,,,,,,,,,
0.0,62.81838540104218,0.0,0.0,0.04065573770491803,0,0.0,0.0,25.77701784548538,0.009051601273117861,1.1500000000000004,0.0,1.5930818240687437,25.246664969991883,1.0,,,,,,,,,,,,,,,,,,,,,,,,,,,,,,,,,,,,,,,,,-18.575328826904297,2.3854453399088126e-05,0.15705114603042603,0.009091367945075035,0.464542955160141,811079
0.0,157.90290656592697,0.0,0.0,0.07527839643652562,0,0.0,0.0,32.16459526635528,0.24489397705493554,0.0,0.0,86.69246787744719,116.58902356048854,1.0,,,,,,,,,,,,,,,,,,,,,,,,,,,,,,,,,,,,,,,,,-18.31766700744629,2.3833347272529103e-05,0.17477744817733765,0.009087670594453812,-0.9930832982063293,811432
0.0,1487.5208182111382,0.0,0.0,0.9481801357186922,5,0.0,0.0,35.41845313675172,0.4132702889051094,47.94999999999941,0.0,1250.142623937956,467.4076476935518,1.0,,,,,,,,,,,,,,,,,,,,,,,,,,,,,,,,,,,,,,,,,-18.947004318237305,2.3652931088018636e-05,0.1622546911239624,0.009079189971089363,-0.9732446670532227,814456
0.0,2430.691127896309,0.0,0.0,1.0,4,0.0,0.0,42.2338372902617,0.5079586827305466,24.30000000000021,1.0,2105.4887399181157,252.0827413066467,0.0,,,,,,,,,,,,,,,,,,,,,,,,,,,,,,,,,,,,,,,,,-19.302627563476562,2.34068313341484e-05,0.190913587808609,0.009019126184284687,-0.7660389542579651,818600
,,,,,,,,,,,,,,,804.2439732900001,21,10671,1970.31,838601,668,0.15679901838302612,,,,,,,,,,,,,,,,,,,,,,,,,,,,,,,,,,,,,,,
0.0,234.05619453825057,0.0,0.0,0.1532941943900848,0,0.0,0.0,38.519108116400936,0.30983462361807307,0.6,0.0,135.707565144716,66.26054081305045,1.0,,,,,,,,,,,,,,,,,,,,,,,,,,,,,,,,,,,,,,,,,-19.067237854003906,2.338095585603948e-05,0.19954732060432434,0.009014422073960304,-0.49191826581954956,819037
,,,,,,,,,,,,,,,,,,,,,,0.18773923814296722,1.1968849897384644,0.01623222976922989,0.30659255385398865,0.0974549651145935,0.1435498595237732,0.009455539286136627,0.13570478558540344,0.1757689118385315,11.195646286010742,0.27348411083221436,0.3056409955024719,0.2888700067996979,0.08447276055812836,0.1691877245903015,11.072729110717773,0.737450122833252,0.42952588200569153,8.881390571594238,0.4642288088798523,23.180295944213867,22.52935791015625,0.365817129611969,21.329391479492188,0.32567456364631653,28.110925674438477,23.911563873291016,21.31422996520996,6.378077983856201,1.0623410940170288,6.588143825531006,13.708452224731445,0.3541874289512634,-18.57906150817871,2.332404580330273e-05,0.14423871040344238,0.008994576521217823,0.050475217401981354,819999
0.0,610.8253257581964,0.0,0.0,0.2931547619047619,1,0.0,0.0,41.940809487693734,0.3878524162856552,13.05000000000005,0.0,406.8571846836523,56.1519725110382,1.0,,,,,,,,,,,,,,,,,,,,,,,,,,,,,,,,,,,,,,,,,-19.727991104125977,2.33189616608258e-05,0.15061809122562408,0.008989371359348297,-0.5636957883834839,820085
0.0,2169.934404913336,0.0,0.0,1.0,3,0.0,0.0,40.18600784960986,0.5040138688520298,51.49999999999921,1.0,1960.1099359655439,272.41910568417063,0.0,,,,,,,,,,,,,,,,,,,,,,,,,,,,,,,,,,,,,,,,,-17.959453582763672,2.3089702672346296e-05,0.1538826823234558,0.008926074020564556,0.9333723783493042,823973
0.0,84.16776517010294,1.0,0.0,0.04133858267716536,0,0.0,0.0,24.33425039838166,0.017783014692827094,2.3,0.0,4.445753673206774,10.750795030581108,0.0,,,,,,,,,,,,,,,,,,,,,,,,,,,,,,,,,,,,,,,,,-18.090818405151367,2.3075059629217957e-05,0.15993434190750122,0.008925439789891243,-0.5827442407608032,824222
,,,,,,,,,,,,,,,796.96834368,21,10936,1941.35,844223,672,0.15663206577301025,,,,,,,,,,,,,,,,,,,,,,,,,,,,,,,,,,,,,,,
0.0,38.78230630606413,0.0,0.0,0.015789473684210527,0,0.0,0.0,23.193386809075868,-0.15005242558352158,0.0,0.0,-18.156343495606112,20.90213223659745,1.0,,,,,,,,,,,,,,,,,,,,,,,,,,,,,,,,,,,,,,,,,-18.138835906982422,2.3068004436245086e-05,0.16339243948459625,0.008924155496060848,1.0101442337036133,824342
0.0,326.71351674199104,0.0,0.0,0.14793187347931874,0,0.0,0.0,32.389132270536194,0.3292702494357425,20.500000000000156,0.0,239.3794713397848,56.376865626556096,1.0,,,,,,,,,,,,,,,,,,,,,,,,,,,,,,,,,,,,,,,,,-18.713905334472656,2.302534403355763e-05,0.1855471283197403,0.008913960307836533,1.1952768564224243,825068
0.0,596.9483257294632,0.0,0.0,0.3828947368421053,1,0.0,0.0,26.7427373268476,0.23518910484083538,19.550000000000143,0.0,378.1840805840633,295.29912370794733,1.0,,,,,,,,,,,,,,,,,,,,,,,,,,,,,,,,,,,,,,,,,-19.004150390625,2.2931058828309e-05,0.1730574667453766,0.008889909833669662,1.6513344049453735,826675
0.0,118.97934840596281,0.0,0.0,0.0605,0,0.0,0.0,23.862245004472204,0.05103518251830159,4.6499999999999915,0.0,18.37266570658857,24.823929021290475,1.0,,,,,,,,,,,,,,,,,,,,,,,,,,,,,,,,,,,,,,,,,-18.104249954223633,2.291002275808163e-05,0.20093271136283875,0.00888742133975029,-1.6414072513580322,827034
,,,,,,,,,,,,,,,763.3813859300001,21,11067,1857.42,847035,676,0.15652084350585938,,,,,,,,,,,,,,,,,,,,,,,,,,,,,,,,,,,,,,,
,,,,,,,,,,,,,,,,,,,,,,0.19601580500602722,1.2321865558624268,0.017215710133314133,0.33555707335472107,0.10461066663265228,0.15278476476669312,0.008916216902434826,0.1421196162700653,0.1752009093761444,11.316129684448242,0.2816699743270874,0.31781286001205444,0.2996355891227722,0.096385657787323,0.16409730911254883,10.505627632141113,0.6603869795799255,0.4373844861984253,9.098600387573242,0.4724128842353821,22.763694763183594,22.19275665283203,0.3916047215461731,20.862119674682617,0.3409988284111023,28.00166893005371,24.85331153869629,21.830991744995117,6.697249889373779,1.1021621227264404,7.138883590698242,12.976399421691895,0.3555676341056824,-18.240272521972656,2.273666206957372e-05,0.17020782828330994,0.008858689107000828,-4.978384017944336,829999
0.0,1989.0443921703845,0.0,0.0,1.0,3,0.0,0.0,32.10815274545615,0.45600864970320854,125.24999999999503,1.0,2034.7105949757165,286.7865185134656,0.0,,,,,,,,,,,,,,,,,,,,,,,,,,,,,,,,,,,,,,,,,-19.24732208251953,2.264944789757728e-05,0.12998193502426147,0.008848915807902813,0.907930314540863,831495
0.0,342.61546030966565,0.0,0.0,0.14513491414554375,0,0.0,0.0,28.439502236404575,0.28471748182851164,18.70000000000013,0.0,247.1347742271481,88.73565921110222,1.0,,,,,,,,,,,,,,,,,,,,,,,,,,,,,,,,,,,,,,,,,-18.480836868286133,2.259898175692403e-05,0.20185163617134094,0.00883420929312706,-0.05013543367385864,832362
0.0,28.08131633233279,0.0,0.0,0.013358778625954198,0,0.0,0.0,20.212212936967934,-0.360153770020091,0.0,0.0,-36.0153770020091,0.0,1.0,,,,,,,,,,,,,,,,,,,,,,,,,,,,,,,,,,,,,,,,,-18.627151489257812,2.2593222848625175e-05,0.17632946372032166,0.008833716623485088,1.2399797439575195,832461
0.0,304.00301631819457,0.0,0.0,0.16415662650602408,0,0.0,0.0,38.98280508238556,0.36059825849253757,2.3999999999999995,0.0,202.6562212728061,91.13431896877253,1.0,,,,,,,,,,,,,,,,,,,,,,,,,,,,,,,,,,,,,,,,,-18.911474227905273,2.2560603210519292e-05,0.16406399011611938,0.00883196946233511,1.971317172050476,833022
,,,,,,,,,,,,,,,766.66032129,21,11364,1863.21,853023,680,0.15625782310962677,,,,,,,,,,,,,,,,,,,,,,,,,,,,,,,,,,,,,,,
0.0,330.0751002812758,0.0,0.0,0.16549130230371414,1,0.0,0.0,21.881389638652966,0.3974960514418498,45.49999999999955,0.0,432.07820791729074,44.03528967406092,1.0,,,,,,,,,,,,,,,,,,,,,,,,,,,,,,,,,,,,,,,,,-19.148508071899414,2.2497525652162258e-05,0.24820095300674438,0.008836544118821621,-0.3118031322956085,834108
0.0,330.2918205522001,0.0,0.0,0.13658755038065382,2,0.0,0.0,38.33246436815329,0.38446673348707566,0.0,0.0,238.75384149547398,232.95908763946258,1.0,,,,,,,,,,,,,,,,,,,,,,,,,,,,,,,,,,,,,,,,,-18.74374771118164,2.2461555018416436e-05,0.16726802289485931,0.008829754777252674,0.7244767546653748,834728
0.0,2400.296780875884,0.0,0.0,1.0,3,0.0,0.0,40.97786023774062,0.4330238790854797,8.04999999999998,1.0,1826.9277458616389,439.1228016340037,0.0,,,,,,,,,,,,,,,,,,,,,,,,,,,,,,,,,,,,,,,,,-18.5965576171875,2.2217619954657097e-05,0.17369313538074493,0.008844409137964249,-0.9866653680801392,838946
,,,,,,,,,,,,,,,,,,,,,,0.19121240079402924,1.1496477127075195,0.01907993108034134,0.30530181527137756,0.10757318884134293,0.15242372453212738,0.010303430259227753,0.13476164638996124,0.18361464142799377,11.597528457641602,0.2723322808742523,0.31329241394996643,0.29448971152305603,0.09581199288368225,0.15651319921016693,10.095438957214355,0.7839614748954773,0.4610305428504944,8.69241714477539,0.4947746694087982,21.431039810180664,22.406963348388672,0.3601759076118469,20.72106170654297,0.33912399411201477,29.73746681213379,23.229629516601562,21.874231338500977,6.9387030601501465,1.2306967973709106,7.290088176727295,13.97076416015625,0.33225303888320923,-18.221675872802734,2.215693543500557e-05,0.16923360526561737,0.008834416046738625,0.7627382278442383,839999
0.0,1729.5284342002124,0.0,0.0,1.0,0,0.0,0.0,23.180743917165728,0.46321890296744905,263.95000000002574,1.0,2488.8751656441036,0.0,0.0,,,,,,,,,,,,,,,,,,,,,,,,,,,,,,,,,,,,,,,,,-18.167217254638672,2.1908919220587872e-05,0.15477922558784485,0.008860847912728786,2.1277358531951904,844318
,,,,,,,,,,,,,,,790.94420695,21,11903,1915.57,864319,684,0.15579597651958466,,,,,,,,,,,,,,,,,,,,,,,,,,,,,,,,,,,,,,,
0.0,439.578476482071,0.0,0.0,0.20038628681796233,2,0.0,0.0,38.348781063308785,0.33398583416807737,6.199999999999986,0.0,275.8722990228319,111.78777607131494,1.0,,,,,,,,,,,,,,,,,,,,,,,,,,,,,,,,,,,,,,,,,-19.6611328125,2.186170652248499e-05,0.18801963329315186,0.008860602043569088,0.8972639441490173,845143
0.0,1682.1273471480235,0.0,0.0,1.0,3,0.0,0.0,34.6159689262785,0.514675010108753,78.79999999999767,1.0,1801.3625353806356,256.56853111549526,0.0,,,,,,,,,,,,,,,,,,,,,,,,,,,,,,,,,,,,,,,,,-19.069862365722656,2.1662046702162954e-05,0.1529030203819275,0.00885743461549282,0.8946510553359985,848642
0.0,476.6441989354789,0.0,0.0,0.24766125061546038,0,0.0,0.0,31.13605847181982,0.371220964750403,32.70000000000028,0.0,409.4567241196945,65.28965627056537,1.0,,,,,,,,,,,,,,,,,,,,,,,,,,,,,,,,,,,,,,,,,-19.75836181640625,2.159935853425124e-05,0.12420040369033813,0.008853131905198097,0.27795565128326416,849744
,,,,,,,,,,,,,,,,,,,,,,0.18729066848754883,1.1135059595108032,0.01751808449625969,0.30780017375946045,0.10724746435880661,0.14894413948059082,0.009589007124304771,0.1282886564731598,0.17486989498138428,11.487048149108887,0.2736216187477112,0.3109171390533447,0.286406546831131,0.09539538621902466,0.1644115447998047,10.550678253173828,0.739534854888916,0.4526597857475281,8.232586860656738,0.4808550477027893,21.974599838256836,22.08858871459961,0.3462080955505371,21.10257339477539,0.3457467555999756,29.048250198364258,23.73853302001953,22.187387466430664,6.882323741912842,1.1241769790649414,7.357196807861328,13.486525535583496,0.34243085980415344,-19.08884048461914,2.1584865899598285e-05,0.15353700518608093,0.008852903731167316,2.1173343658447266,849999
0.0,417.1295641520992,0.0,0.0,0.1707423580786026,1,0.0,0.0,26.547545059323888,0.2532467578048477,23.700000000000202,0.0,286.67532983508755,114.0727681811921,1.0,,,,,,,,,,,,,,,,,,,,,,,,,,,,,,,,,,,,,,,,,-19.92578887939453,2.153511736861049e-05,0.21089282631874084,0.00886127445846796,0.1208982914686203,850875
,,,,,,,,,,,,,,,795.07039096,21,12214,1911.36,870876,688,0.1555616557598114,,,,,,,,,,,,,,,,,,,,,,,,,,,,,,,,,,,,,,,
0.0,563.0765354260802,0.0,0.0,0.2649338805289558,2,0.0,0.0,38.14057872831061,0.3567595744504842,4.849999999999991,0.0,379.59218721531516,146.09086674908735,1.0,,,,,,,,,,,,,,,,,,,,,,,,,,,,,,,,,,,,,,,,,-19.189851760864258,2.1474827915229034e-05,0.14863558113574982,0.0088649345561862,-0.5187796354293823,851938
0.0,1410.4564586803317,0.0,0.0,0.8368834080717489,2,0.0,0.0,29.643744521252835,0.46308538152782924,114.19999999999565,0.0,1586.9936024958708,241.44020567587964,1.0,,,,,,,,,,,,,,,,,,,,,,,,,,,,,,,,,,,,,,,,,-18.384605407714844,2.1281106590742158e-05,0.13632982969284058,0.008875314146280289,1.2771226167678833,855364
0.0,641.1635304670781,1.0,0.0,0.37465103294249025,1,0.0,0.0,41.570411484582856,0.49094420215917645,10.85000000000002,0.0,545.439008598845,129.65635192298458,0.0,,,,,,,,,,,,,,,,,,,,,,,,,,,,,,,,,,,,,,,,,-18.129711151123047,2.121853500461543e-05,0.14842930436134338,0.008884752169251442,1.5581501722335815,856474
0.0,1071.093047983013,0.0,0.0,0.559,2,0.0,0.0,31.008716791086876,0.41665352352495827,63.69999999999852,0.0,1036.6339665300961,248.09769920028938,1.0,,,,,,,,,,,,,,,,,,,,,,,,,,,,,,,,,,,,,,,,,-18.97665786743164,2.107868332126554e-05,0.1471528708934784,0.00888784509152174,-4.509476184844971,858961
,,,,,,,,,,,,,,,795.2604469800001,21,12609,1906.02,878962,692,0.15525151789188385,,,,,,,,,,,,,,,,,,,,,,,,,,,,,,,,,,,,,,,
0.0,55.75362804252654,0.0,0.0,0.03183183183183183,0,0.0,0.0,32.8159619986144,0.09949927055780954,0.0,0.0,12.238410278610573,28.249276236005155,1.0,,,,,,,,,,,,,,,,,,,,,,,,,,,,,,,,,,,,,,,,,-18.358762741088867,2.107183507104544e-05,0.18404598534107208,0.008885684423148632,1.4786772727966309,859083
,,,,,,,,,,,,,,,,,,,,,,0.20360080897808075,1.2005490064620972,0.018427424132823944,0.3145284056663513,0.11394943296909332,0.14710897207260132,0.009814757853746414,0.13853755593299866,0.17634610831737518,11.436921119689941,0.2707904577255249,0.2956460416316986,0.2730860412120819,0.09458917379379272,0.1694639027118683,10.75877857208252,0.7630438804626465,0.45074060559272766,8.795353889465332,0.4815044701099396,21.90532112121582,21.23094940185547,0.3549375534057617,21.05248260498047,0.3389676809310913,28.616233825683594,24.452869415283203,21.52008819580078,7.234323501586914,1.1699044704437256,7.353792667388916,13.709948539733887,0.3450355529785156,-18.841251373291016,2.1020453463351862e-05,0.16219648718833923,0.008875330910086632,-3.302201271057129,859999
0.0,1660.395773479715,0.0,0.0,1.0,1,0.0,0.0,26.84234319751246,0.17983798324924907,19.700000000000145,1.0,801.1782153754046,360.927158077184,0.0,,,,,,,,,,,,,,,,,,,,,,,,,,,,,,,,,,,,,,,,,-17.199838638305664,2.0822598120799178e-05,0.20308233797550201,0.008855639025568962,0.9172696471214294,863537
0.0,105.86714942194521,0.0,0.0,0.05049551675318546,0,0.0,0.0,28.915243052586057,0.19194536840990012,0.0,0.0,50.673577260213634,75.44062793539234,1.0,,,,,,,,,,,,,,,,,,,,,,,,,,,,,,,,,,,,,,,,,-18.12848472595215,2.0807928661597595e-05,0.18759149312973022,0.008857868611812592,-4.77813196182251,863800
0.0,214.69184184260666,0.0,0.0,0.11157455683003129,0,0.0,0.0,29.70818755736511,0.2740762675104727,5.999999999999987,0.0,142.7937353729563,121.10513825620532,1.0,,,,,,,,,,,,,,,,,,,,,,,,,,,,,,,,,,,,,,,,,-18.375579833984375,2.077893999598536e-05,0.16983090341091156,0.008858895860612392,0.2512701451778412,864320
,,,,,,,,,,,,,,,773.4959988,21,12863,1880.0,884321,696,0.1550234705209732,,,,,,,,,,,,,,,,,,,,,,,,,,,,,,,,,,,,,,,
0.0,141.9739553986583,0.0,0.0,0.07303370786516854,0,0.0,0.0,32.72050224017016,0.22717617274019072,6.949999999999983,0.0,71.1061420676797,11.578351548122921,1.0,,,,,,,,,,,,,,,,,,,,,,,,,,,,,,,,,,,,,,,,,-18.112045288085938,2.0761556734920162e-05,0.197240948677063,0.008857903070747852,0.6119638681411743,864632
0.0,2105.9002946838737,0.0,0.0,1.0,6,0.0,0.0,36.90578236496867,0.4821598927450396,55.849999999998964,1.0,1981.6771591821127,473.22614881877547,0.0,,,,,,,,,,,,,,,,,,,,,,,,,,,,,,,,,,,,,,,,,-18.12411880493164,2.0533316905381834e-05,0.15307410061359406,0.008894653990864754,0.06481365859508514,868741
0.0,390.15806040074676,0.0,0.0,0.18878048780487805,2,0.0,0.0,34.115730674317064,0.2758952266238933,10.20000000000001,0.0,227.3376667380881,152.1534472452806,1.0,,,,,,,,,,,,,,,,,,,,,,,,,,,,,,,,,,,,,,,,,-18.099592208862305,2.048775768609572e-05,0.13064990937709808,0.008901837281882763,-0.3352569341659546,869564
,,,,,,,,,,,,,,,,,,,,,,0.20446109771728516,1.1963917016983032,0.017579488456249237,0.31510722637176514,0.10954397916793823,0.14618679881095886,0.009252628311514854,0.1367475390434265,0.16827359795570374,11.41377067565918,0.26989662647247314,0.3031911253929138,0.2791016101837158,0.09297476708889008,0.1652984917163849,10.560303688049316,0.7224138975143433,0.44825294613838196,8.736289978027344,0.4738579988479614,22.19111442565918,21.791309356689453,0.3627353608608246,21.072614669799805,0.3405056595802307,28.63720703125,24.602506637573242,21.753637313842773,6.998355865478516,1.1230878829956055,7.2591552734375,13.138233184814453,0.34735342860221863,-18.461214065551758,2.0463698126266307e-05,0.2167966663837433,0.008902882225811481,-4.456608772277832,869999
0.0,217.2978916540742,0.0,0.0,0.11080459770114942,0,0.0,0.0,22.836376739356695,-0.19955797890206511,15.000000000000078,0.0,-136.89677352681667,0.0,1.0,,,,,,,,,,,,,,,,,,,,,,,,,,,,,,,,,,,,,,,,,-17.950836181640625,2.0449877349422168e-05,0.16666829586029053,0.008902779780328274,0.1515289843082428,870249
,,,,,,,,,,,,,,,766.8418781300002,21,13152,1865.95,890250,700,0.15484032034873962,,,,,,,,,,,,,,,,,,,,,,,,,,,,,,,,,,,,,,,
0.0,1506.7321801260114,0.0,0.0,1.0,3,0.0,0.0,33.06048395886461,0.3971811955392164,76.4999999999978,1.0,1303.9458649552473,193.34614288793068,0.0,,,,,,,,,,,,,,,,,,,,,,,,,,,,,,,,,,,,,,,,,-17.238399505615234,2.0268881997398514e-05,0.21203115582466125,0.008933836594223976,1.5050309896469116,873531
0.0,569.0071050571278,0.0,0.0,0.22254098360655739,0,0.0,0.0,36.993795423281576,0.3721567080031578,4.3499999999999925,0.0,412.34963246749885,229.98974867528108,1.0,,,,,,,,,,,,,,,,,,,,,,,,,,,,,,,,,,,,,,,,,-17.306028366088867,2.0208019305702033e-05,0.19808200001716614,0.00895801093429327,2.2870144844055176,874638
0.0,2118.203661874868,0.0,0.0,0.8680244399185336,2,0.0,0.0,41.54382407684685,0.46699442584615763,19.40000000000014,0.0,1714.8035317070908,342.87543504504407,1.0,,,,,,,,,,,,,,,,,,,,,,,,,,,,,,,,,,,,,,,,,-17.58009910583496,2.000685981287636e-05,0.1613323986530304,0.008996940217912197,2.7253661155700684,878309
0.0,310.73109121923335,0.0,0.0,0.17103235747303544,1,0.0,0.0,29.677625637863546,0.1999209744238213,3.649999999999995,0.0,150.9403356899851,222.31074735830984,1.0,,,,,,,,,,,,,,,,,,,,,,,,,,,,,,,,,,,,,,,,,-17.03095817565918,1.9965670672940374e-05,0.25605809688568115,0.008999030105769634,2.083169937133789,879063
,,,,,,,,,,,,,,,763.0930412399998,21,13567,1860.14,899064,704,0.15454472601413727,,,,,,,,,,,,,,,,,,,,,,,,,,,,,,,,,,,,,,,
0.0,358.93789284140803,0.0,0.0,0.20597652081109924,0,0.0,0.0,29.830733635601092,0.41832719600765,24.650000000000215,0.0,362.68967893863254,103.68954000065797,1.0,,,,,,,,,,,,,,,,,,,,,,,,,,,,,,,,,,,,,,,,,-16.533414840698242,1.991841696375896e-05,0.36134299635887146,0.009011507965624332,1.7642043828964233,879929
,,,,,,,,,,,,,,,,,,,,,,0.20449888706207275,1.1584399938583374,0.015918731689453125,0.30325889587402344,0.11771848052740097,0.13997052609920502,0.009096667170524597,0.13188853859901428,0.17822444438934326,10.95207691192627,0.2618810832500458,0.3040633499622345,0.28670796751976013,0.09888758510351181,0.17414991557598114,10.999667167663574,0.7117741703987122,0.47024109959602356,8.330351829528809,0.4861508011817932,20.838134765625,22.433637619018555,0.35223913192749023,20.49104118347168,0.3433969020843506,29.70139503479004,23.728673934936523,21.689655303955078,7.4353413581848145,1.0054599046707153,7.737518310546875,13.94527816772461,0.3299153745174408,-17.73032569885254,1.991459988834161e-05,0.20653021335601807,0.009009802713990211,-1.276060700416565,879999
0.0,1575.5296046445146,0.0,0.0,1.0,0,0.0,0.0,20.42952578270339,0.4706055926219812,272.1000000000276,1.0,2613.7434614224835,0.0,0.0,,,,,,,,,,,,,,,,,,,,,,,,,,,,,,,,,,,,,,,,,-17.959003448486328,1.9616779506147327e-05,0.15632611513137817,0.009049483574926853,2.1285510063171387,885482
1.0,99.15963478572667,0.0,0.0,0.047688564476885645,0,0.0,0.0,21.552413415487194,0.06445775513544284,3.999999999999994,0.0,21.399974704967022,33.614774434852706,0.0,,,,,,,,,,,,,,,,,,,,,,,,,,,,,,,,,,,,,,,,,-18.090248107910156,1.9598874240685593e-05,0.19887158274650574,0.009053579531610012,1.3526723384857178,885813
0.0,588.0478617218323,1.0,0.0,0.3732311320754717,0,0.0,0.0,24.9202538234647,0.3875399312706602,63.29999999999854,0.0,658.8178831601224,112.07631004346923,0.0,,,,,,,,,,,,,,,,,,,,,,,,,,,,,,,,,,,,,,,,,-18.446651458740234,1.9507099802769495e-05,0.1744147539138794,0.009076332673430443,0.26269736886024475,887512
,,,,,,,,,,,,,,,756.84011524,21,13964,1842.28,907513,708,0.15428683161735535,,,,,,,,,,,,,,,,,,,,,,,,,,,,,,,,,,,,,,,
0.0,454.0064711906016,0.0,0.0,0.2723623853211009,1,0.0,0.0,29.65834730071125,0.25103553738782514,19.95000000000015,0.0,276.89219773877113,177.1924066020044,1.0,,,,,,,,,,,,,,,,,,,,,,,,,,,,,,,,,,,,,,,,,-19.049171447753906,1.944769153337487e-05,0.1857093721628189,0.009075134061276913,0.9782729148864746,888614
,,,,,,,,,,,,,,,,,,,,,,0.18957673013210297,1.174679160118103,0.014851032756268978,0.29770123958587646,0.11206340789794922,0.14500950276851654,0.010387226939201355,0.12464866787195206,0.175588458776474,11.444570541381836,0.26899978518486023,0.2999892234802246,0.2795741558074951,0.08979884535074234,0.18031838536262512,11.680045127868652,0.8197901248931885,0.43252772092819214,8.074063301086426,0.4631634056568146,23.153669357299805,22.064804077148438,0.3523910939693451,21.230243682861328,0.3219566345214844,28.016796112060547,23.495447158813477,20.85460090637207,7.258858680725098,0.9619691967964172,7.087185382843018,13.857950210571289,0.357450008392334,-18.10762596130371,1.9373158749577783e-05,0.1706562638282776,0.009080505929887295,0.08118307590484619,889999
0.0,1600.5061434193049,0.0,0.0,0.9172563962983125,3,0.0,0.0,28.61819386981743,0.42989260924455114,143.1499999999983,0.0,1731.607430037052,194.2851554125923,1.0,,,,,,,,,,,,,,,,,,,,,,,,,,,,,,,,,,,,,,,,,-17.839998245239258,1.923138874255507e-05,0.2151777148246765,0.009089651517570019,0.36089321970939636,892641
0.0,84.63479151227511,0.0,0.0,0.05508196721311476,0,0.0,0.0,23.227802806436433,0.08453780383738375,1.1500000000000004,0.0,22.233442409231927,50.17849702429507,1.0,,,,,,,,,,,,,,,,,,,,,,,,,,,,,,,,,,,,,,,,,-18.196020126342773,1.9217358923534712e-05,0.16901734471321106,0.00908681657165289,-0.1404857188463211,892903
0.0,1316.643496460747,0.0,0.0,0.7852726250702642,3,0.0,0.0,33.26081833423266,0.4972073890904146,64.49999999999848,0.0,1417.538266296772,343.8715343919808,1.0,,,,,,,,,,,,,,,,,,,,,,,,,,,,,,,,,,,,,,,,,-17.555601119995117,1.9065084041712064e-05,0.1757703721523285,0.009100159630179405,1.4969764947891235,895753
,,,,,,,,,,,,,,,771.07093662,21,14360,1872.95,915754,712,0.15402072668075562,,,,,,,,,,,,,,,,,,,,,,,,,,,,,,,,,,,,,,,
0.0,357.0869735009037,0.0,0.0,0.231990231990232,0,0.0,0.0,25.912632160744604,0.3970971746679341,35.450000000000124,0.0,394.31749444525855,108.01819453627529,1.0,,,,,,,,,,,,,,,,,,,,,,,,,,,,,,,,,,,,,,,,,-17.714282989501953,1.901222761301305e-05,0.16806623339653015,0.009103622287511826,1.1990554332733154,896745
0.0,1111.2598644238897,0.0,0.0,0.7428389560789306,2,0.0,0.0,33.770327586528,0.4653950887284217,50.94999999999924,0.0,1102.9863602863595,264.2426557351794,1.0,,,,,,,,,,,,,,,,,,,,,,,,,,,,,,,,,,,,,,,,,-18.004074096679688,1.8886305756999263e-05,0.17019936442375183,0.009120515547692776,1.656955361366272,899114
0.0,365.6686389083043,0.0,0.0,0.1665947345705654,1,0.0,0.0,31.59062799646649,0.42303085344885927,26.950000000000248,0.0,352.80773177634865,43.33267293327166,1.0,,,,,,,,,,,,,,,,,,,,,,,,,,,,,,,,,,,,,,,,,-17.591899871826172,1.8842130582046915e-05,0.19083520770072937,0.009123716503381729,-3.2972095012664795,899947
,,,,,,,,,,,,,,,,,,,,,,0.1964314579963684,1.2196463346481323,0.014396978542208672,0.3100742697715759,0.11048796772956848,0.1454295665025711,0.010330906137824059,0.1359913945198059,0.17452475428581238,11.37773323059082,0.27823856472969055,0.294103741645813,0.27244895696640015,0.08714747428894043,0.15799757838249207,10.249890327453613,0.8082420825958252,0.4564476013183594,8.822266578674316,0.48676401376724243,21.274747848510742,21.315139770507812,0.35870254039764404,21.768091201782227,0.3381938934326172,29.611452102661133,24.258769989013672,21.93989372253418,7.167764663696289,0.9339854717254639,6.8180131912231445,13.65400505065918,0.3279409408569336,-17.921459197998047,1.8839374709974817e-05,0.20116513967514038,0.009124517440795898,0.8218210935592651,899999
0.0,487.096387273632,0.0,0.0,0.19768934531450577,1,0.0,0.0,37.71995557503838,0.3167842507098857,4.899999999999991,0.0,294.6093531601937,160.47730917562933,1.0,,,,,,,,,,,,,,,,,,,,,,,,,,,,,,,,,,,,,,,,,-17.31197738647461,1.879292705998494e-05,0.20748965442180634,0.009124808944761753,2.397712230682373,900876
,,,,,,,,,,,,,,,752.83538212,21,14595,1837.42,920877,716,0.1538279801607132,,,,,,,,,,,,,,,,,,,,,,,,,,,,,,,,,,,,,,,
0.0,1390.7385864327662,0.0,0.0,0.853163087637841,2,0.0,0.0,29.910616358994943,0.4917954690550255,91.29999999999696,0.0,1647.0230258652805,305.78818626329223,1.0,,,,,,,,,,,,,,,,,,,,,,,,,,,,,,,,,,,,,,,,,-18.385360717773438,1.8616151935468844e-05,0.149001806974411,0.009146420285105705,2.275742530822754,904224
0.0,1745.7063476669136,0.0,0.0,1.0,2,0.0,0.0,34.74471318501733,0.48485458001464005,75.14999999999787,1.0,1754.6887250729824,208.38488172255643,0.0,,,,,,,,,,,,,,,,,,,,,,,,,,,,,,,,,,,,,,,,,-17.145200729370117,1.8426085661415345e-05,0.1782754361629486,0.009122790768742561,0.9414305090904236,907842
0.0,657.0563888824545,0.0,0.0,0.3229314420803783,1,0.0,0.0,39.45803831883862,0.3025750400366333,1.950000000000001,0.0,363.09004804396,112.31036504713998,1.0,,,,,,,,,,,,,,,,,,,,,,,,,,,,,,,,,,,,,,,,,-17.55879020690918,1.8363319092427035e-05,0.16279903054237366,0.009116393513977528,0.6886581778526306,909041
,,,,,,,,,,,,,,,,,,,,,,0.1849581003189087,1.1703256368637085,0.01487865298986435,0.3092336654663086,0.10533289611339569,0.1494375467300415,0.009620552882552147,0.1246921494603157,0.17430314421653748,11.575174331665039,0.2664591670036316,0.30994099378585815,0.288957417011261,0.0930061787366867,0.1706557273864746,10.964194297790527,0.7451913952827454,0.45461398363113403,8.011152267456055,0.4830966591835022,22.57671546936035,22.382143020629883,0.3627318739891052,20.639467239379883,0.33490628004074097,29.207786560058594,23.95270538330078,21.516870498657227,6.767369270324707,0.9559153914451599,7.204098224639893,13.501221656799316,0.35140255093574524,-17.323509216308594,1.8313247769532714e-05,0.20715495944023132,0.009106961078941822,1.4973387718200684,909999
0.0,1630.1936336439103,0.0,0.0,0.8752631578947369,4,0.0,0.0,40.252547925604595,0.5325318922562657,37.550000000000004,0.0,1553.3955297115272,271.4838252400957,1.0,,,,,,,,,,,,,,,,,,,,,,,,,,,,,,,,,,,,,,,,,-18.574447631835938,1.821112852215754e-05,0.16819357872009277,0.009104173630475998,-0.8542003631591797,911957
,,,,,,,,,,,,,,,799.3121019700001,21,15133,1923.63,931958,720,0.15349715948104858,,,,,,,,,,,,,,,,,,,,,,,,,,,,,,,,,,,,,,,
0.0,1469.6369207184762,0.0,0.0,1.0,2,0.0,0.0,33.64131251049595,0.4656865467162117,57.44999999999887,1.0,1465.5155625159182,326.40803002927095,0.0,,,,,,,,,,,,,,,,,,,,,,,,,,,,,,,,,,,,,,,,,-17.714054107666016,1.804766403924359e-05,0.17877021431922913,0.009074494242668152,1.8308396339416504,915103
0.0,1603.7926440425217,0.0,0.0,1.0,0,0.0,0.0,24.849337637421783,0.3734066033316319,232.4000000000186,1.0,1735.593892285425,0.0,0.0,,,,,,,,,,,,,,,,,,,,,,,,,,,,,,,,,,,,,,,,,-16.943450927734375,1.7807594870153852e-05,0.1660856008529663,0.009033294394612312,0.2699299454689026,919750
,,,,,,,,,,,,,,,,,,,,,,0.18049702048301697,1.1881202459335327,0.012252215296030045,0.30745944380760193,0.10003480315208435,0.1427915096282959,0.009798804298043251,0.12098325788974762,0.17566975951194763,11.174076080322266,0.27283719182014465,0.3042486310005188,0.27844274044036865,0.09088250994682312,0.16988343000411987,10.932732582092285,0.7668004035949707,0.44773435592651367,7.78579568862915,0.47418710589408875,22.07615852355957,21.78939437866211,0.36148396134376526,21.35073471069336,0.35996824502944946,28.813642501831055,24.060081481933594,23.16551399230957,6.437671661376953,0.7884830236434937,7.111964225769043,13.746947288513184,0.3430408239364624,-17.011802673339844,1.7794777928251475e-05,0.22543542087078094,0.009031089954078197,-5.354006767272949,919999
0.0,197.0237836772576,0.0,0.0,0.08365843086259211,0,0.0,0.0,27.552150188172405,0.11303131253498326,1.3000000000000005,0.0,58.324157268051366,98.74955279438066,1.0,,,,,,,,,,,,,,,,,,,,,,,,,,,,,,,,,,,,,,,,,-17.839340209960938,1.7781091178820778e-05,0.1623469591140747,0.009028945118188858,1.8091437816619873,920265
0.0,2154.4013195764273,0.0,0.0,1.0,6,0.0,0.0,28.863561304890133,0.4453371057395748,159.65000000000205,1.0,2394.132280455954,401.88628624924127,0.0,,,,,,,,,,,,,,,,,,,,,,,,,,,,,,,,,,,,,,,,,-17.188610076904297,1.7505687053809064e-05,0.21555227041244507,0.009016541764140129,-1.3252754211425781,925640
,,,,,,,,,,,,,,,825.5575366600001,21,15804,1989.49,945641,724,0.15309911966323853,,,,,,,,,,,,,,,,,,,,,,,,,,,,,,,,,,,,,,,
0.0,199.0009263965767,0.0,0.0,0.12359550561797752,0,0.0,0.0,28.45785324980586,0.20603442234240363,19.35000000000014,0.0,103.84134886057143,0.0,1.0,,,,,,,,,,,,,,,,,,,,,,,,,,,,,,,,,,,,,,,,,-18.481971740722656,1.748002754770425e-05,0.16794979572296143,0.00901681650429964,0.7068438529968262,926143
0.0,1323.9008319722489,0.0,0.0,0.7751381215469614,1,0.0,0.0,30.879592211551856,0.5247397996779244,88.09999999999714,0.0,1620.3965014054304,206.97204820842384,1.0,,,,,,,,,,,,,,,,,,,,,,,,,,,,,,,,,,,,,,,,,-17.463478088378906,1.7322974911086503e-05,0.22138893604278564,0.009033174254000187,0.6316007971763611,929230
,,,,,,,,,,,,,,,,,,,,,,0.18245232105255127,1.2322174310684204,0.014693411067128181,0.3173609972000122,0.09854598343372345,0.1406489461660385,0.009738394990563393,0.12786449491977692,0.17209887504577637,10.836153984069824,0.27961617708206177,0.30379718542099,0.2836468815803528,0.09484974294900894,0.16425161063671112,10.700939178466797,0.7502846717834473,0.4539795517921448,8.330329895019531,0.48390522599220276,21.94881248474121,21.853282928466797,0.3743441700935364,21.542741775512695,0.33869385719299316,29.57662010192871,24.45075225830078,22.065793991088867,6.420238494873047,0.9572709798812866,7.307600975036621,13.25918197631836,0.3368982672691345,-18.38735580444336,1.72839651861311e-05,0.2331801801919937,0.009039396420121193,-0.050212711095809937,929999
0.0,1552.8457930274308,0.0,0.0,1.0,3,0.0,0.0,36.952075412034894,0.3695370690023428,41.54999999999978,1.0,1118.5887078700916,216.79175700544127,0.0,,,,,,,,,,,,,,,,,,,,,,,,,,,,,,,,,,,,,,,,,-16.70206642150879,1.7169733882066457e-05,0.21416205167770386,0.009055276401340961,0.7074711918830872,932256
0.0,81.9948505917564,0.0,0.0,0.043640234167110166,1,0.0,0.0,31.16949746475826,0.19881532116083228,0.7000000000000001,0.0,37.774911020558136,72.86373960368608,1.0,,,,,,,,,,,,,,,,,,,,,,,,,,,,,,,,,,,,,,,,,-18.16070556640625,1.716018591154125e-05,0.17136919498443604,0.009057426825165749,0.560609757900238,932445
,,,,,,,,,,,,,,,843.15112274,21,16129,2019.77,952446,728,0.15291966497898102,,,,,,,,,,,,,,,,,,,,,,,,,,,,,,,,,,,,,,,
0.0,161.02385394158773,0.0,0.0,0.07246376811594203,1,0.0,0.0,38.32276980711228,0.3433941795206516,0.0,0.0,104.04843639475743,111.14607735271208,1.0,,,,,,,,,,,,,,,,,,,,,,,,,,,,,,,,,,,,,,,,,-17.928733825683594,1.714493504309584e-05,0.22277161478996277,0.00905978586524725,1.34504234790802,932747
0.0,2127.8358707614243,0.0,0.0,1.0,4,0.0,0.0,38.993622137356894,0.44279674041176564,64.84999999999846,1.0,1740.191189818239,321.09625300035697,0.0,,,,,,,,,,,,,,,,,,,,,,,,,,,,,,,,,,,,,,,,,-18.36361312866211,1.694715869734206e-05,0.21730533242225647,0.00907834991812706,2.1958248615264893,936676
0.0,213.88585688360035,0.0,0.0,0.10877192982456141,0,0.0,0.0,28.945509366927553,0.24567078371142925,0.6,0.0,130.9425277181918,128.8514673652637,1.0,,,,,,,,,,,,,,,,,,,,,,,,,,,,,,,,,,,,,,,,,-18.0665225982666,1.6920469966732936e-05,0.3687054514884949,0.009076298214495182,-1.8346078395843506,937208
0.0,180.0813027138356,0.0,0.0,0.0997920997920998,0,0.0,0.0,24.718705900248498,0.1431983466833089,6.299999999999986,0.0,75.32233035542049,89.30720470529108,1.0,,,,,,,,,,,,,,,,,,,,,,,,,,,,,,,,,,,,,,,,,-18.363971710205078,1.689415364921058e-05,0.21250998973846436,0.009077444672584534,1.1429650783538818,937733
,,,,,,,,,,,,,,,826.82309384,21,16387,1995.44,957734,732,0.15278376638889313,,,,,,,,,,,,,,,,,,,,,,,,,,,,,,,,,,,,,,,
0.0,375.651677666232,0.0,0.0,0.2476894639556377,1,0.0,0.0,29.265796993222725,0.4365372348342623,28.650000000000272,0.0,403.79694222169263,71.17470526633522,1.0,,,,,,,,,,,,,,,,,,,,,,,,,,,,,,,,,,,,,,,,,-17.732337951660156,1.6847888189902732e-05,0.28184446692466736,0.00908572506159544,-0.9137121438980103,938657
,,,,,,,,,,,,,,,,,,,,,,0.18421226739883423,1.2647567987442017,0.013033122755587101,0.3208426833152771,0.10298269987106323,0.15294575691223145,0.009943513199687004,0.12571072578430176,0.18475878238677979,11.534873962402344,0.2887212634086609,0.30302003026008606,0.27885231375694275,0.08987778425216675,0.16163349151611328,10.657915115356445,0.7499206066131592,0.4399487376213074,8.28921127319336,0.4618387520313263,23.57501792907715,21.03050422668457,0.38324666023254395,21.774799346923828,0.3157206177711487,29.009681701660156,24.19733428955078,20.8182315826416,6.790553569793701,0.8593881726264954,6.778409481048584,13.934150695800781,0.3575288951396942,-16.73956298828125,1.6780809543171585e-05,0.17476068437099457,0.009102138690650463,0.5490058064460754,939999
0.0,1262.7747307522222,0.0,0.0,0.7927710843373494,3,0.0,0.0,36.37943818813119,0.5523704447216738,52.39999999999916,0.0,1380.9261118041848,197.32977713883355,1.0,,,,,,,,,,,,,,,,,,,,,,,,,,,,,,,,,,,,,,,,,-16.48589324951172,1.6723088649308305e-05,0.190463125705719,0.009106154553592205,0.24592380225658417,941156
0.0,1502.6539715230465,0.0,0.0,0.7090729783037475,2,0.0,0.0,29.59884667340997,0.3606613578628462,97.99999999999658,0.0,1318.5779243465656,217.90982341686234,1.0,,,,,,,,,,,,,,,,,,,,,,,,,,,,,,,,,,,,,,,,,-17.291513442993164,1.6541419859663136e-05,0.1637290120124817,0.009110518731176853,1.612602710723877,944811
0.0,263.6460688607767,0.0,0.0,0.18695941450432468,0,0.0,0.0,30.07724322104382,-0.10909044364301829,0.0,0.0,-68.94516038238756,114.33081743008182,1.0,,,,,,,,,,,,,,,,,,,,,,,,,,,,,,,,,,,,,,,,,-18.48624038696289,1.6510160061877143e-05,0.22442157566547394,0.009115072898566723,-0.14476615190505981,945442
,,,,,,,,,,,,,,,845.80735998,21,16758,2037.9,965443,736,0.15259547531604767,,,,,,,,,,,,,,,,,,,,,,,,,,,,,,,,,,,,,,,
0.0,451.97754541784525,0.0,0.0,0.2947692307692308,1,0.0,0.0,32.62949798677786,0.39463765231193965,23.800000000000203,0.0,393.8483770073158,122.53575795894518,1.0,,,,,,,,,,,,,,,,,,,,,,,,,,,,,,,,,,,,,,,,,-17.46977996826172,1.6460830732374257e-05,0.22540627419948578,0.009124326519668102,-1.1740481853485107,946439
0.0,252.92835375107825,0.0,0.0,0.17719072164948454,0,0.0,0.0,31.042694507938403,0.38337584359407184,19.800000000000146,0.0,225.04162018972016,0.0,1.0,,,,,,,,,,,,,,,,,,,,,,,,,,,,,,,,,,,,,,,,,-17.647232055664062,1.6431872278459328e-05,0.18469183146953583,0.009126972407102585,1.780440092086792,947025
0.0,1138.0437591420487,0.0,0.0,0.7367399741267788,5,0.0,0.0,29.41478239891019,0.35541228340996767,43.74999999999965,0.0,990.5340338635799,499.79303831189065,1.0,,,,,,,,,,,,,,,,,,,,,,,,,,,,,,,,,,,,,,,,,-16.88534164428711,1.629455574842681e-05,0.251104474067688,0.009148645214736462,1.5554113388061523,949811
,,,,,,,,,,,,,,,,,,,,,,0.1850970983505249,1.1229923963546753,0.015772540122270584,0.31808558106422424,0.09849311411380768,0.15676911175251007,0.010743498802185059,0.13210980594158173,0.19206205010414124,11.552790641784668,0.28188133239746094,0.3328779935836792,0.308595210313797,0.0888436883687973,0.16115662455558777,10.578194618225098,0.791720986366272,0.4470457434654236,8.671585083007812,0.484737753868103,23.117502212524414,22.741315841674805,0.3738194704055786,20.772689819335938,0.3167111277580261,29.343734741210938,23.440689086914062,20.788671493530273,6.4650115966796875,1.0352972745895386,6.547160625457764,14.153635025024414,0.35219037532806396,-18.41002082824707,1.628531099937294e-05,0.17993807792663574,0.009149355813860893,0.9634014964103699,949999
0.0,955.3186922883615,0.0,0.0,0.4724484906564447,4,0.0,0.0,38.75871531051389,0.3028826056693351,3.399999999999996,0.0,537.9195076687391,278.61543841868036,1.0,,,,,,,,,,,,,,,,,,,,,,,,,,,,,,,,,,,,,,,,,-17.305679321289062,1.6207379395953394e-05,0.25470876693725586,0.009172262623906136,-1.0565593242645264,951586
,,,,,,,,,,,,,,,859.1992538899999,21,17055,2075.26,971587,740,0.1524372696876526,,,,,,,,,,,,,,,,,,,,,,,,,,,,,,,,,,,,,,,
0.0,1990.6252195714042,0.0,0.0,1.0,4,0.0,0.0,40.06125567612481,0.4802285058280678,29.700000000000287,1.0,1718.7378223586547,381.7169121251746,0.0,,,,,,,,,,,,,,,,,,,,,,,,,,,,,,,,,,,,,,,,,-15.701738357543945,1.6032384798145037e-05,0.23763519525527954,0.009204369969666004,-1.212816834449768,955164
,,,,,,,,,,,,,,,,,,,,,,0.18894289433956146,1.249527096748352,0.01456298865377903,0.32809701561927795,0.10041430592536926,0.1502932906150818,0.010394465178251266,0.1360177993774414,0.18565884232521057,11.146037101745605,0.2992664575576782,0.3103218972682953,0.28383922576904297,0.09085199236869812,0.16734373569488525,10.652724266052246,0.7708733081817627,0.4564298689365387,8.658586502075195,0.47262102365493774,23.171344757080078,21.050058364868164,0.3877556324005127,22.194169998168945,0.3321332335472107,29.055295944213867,24.332298278808594,21.142850875854492,6.392148017883301,0.9270469546318054,6.737756729125977,13.768813133239746,0.3639988303184509,-17.79157257080078,1.5797469554735153e-05,0.20345939695835114,0.0091986870393157,-0.10452026128768921,959999
0.0,2378.3495984086767,0.0,0.0,1.0,5,0.0,0.0,34.85563364592015,0.4517698791936854,97.84999999999658,1.0,2220.4489562369636,466.5164760238123,0.0,,,,,,,,,,,,,,,,,,,,,,,,,,,,,,,,,,,,,,,,,-17.396018981933594,1.579364609180399e-05,0.18526500463485718,0.009198379702866077,-1.1097495555877686,960078
0.0,1987.431462706998,0.0,0.0,1.0,5,0.0,0.0,40.085557360888636,0.47992077370555597,51.99999999999918,1.0,1713.7970829025403,295.64914484376436,0.0,,,,,,,,,,,,,,,,,,,,,,,,,,,,,,,,,,,,,,,,,-16.9384708404541,1.5621363028400752e-05,0.15997456014156342,0.00916398223489523,1.2789593935012817,963648
0.0,524.1052227942273,0.0,0.0,0.3335362142422398,1,0.0,0.0,26.96746144402513,0.13740205482201492,34.40000000000018,0.0,192.3628767508209,77.31044756452033,1.0,,,,,,,,,,,,,,,,,,,,,,,,,,,,,,,,,,,,,,,,,-17.28445816040039,1.5554115447953078e-05,0.23751544952392578,0.009142931550741196,1.2811365127563477,965047
,,,,,,,,,,,,,,,874.3836371800003,21,17700,2096.77,985048,744,0.15213008224964142,,,,,,,,,,,,,,,,,,,,,,,,,,,,,,,,,,,,,,,
0.0,113.16571344994009,1.0,0.0,0.05607940446650124,0,0.0,0.0,29.098822370850318,0.03521215302739933,0.5499999999999999,0.0,9.894615000699211,0.0,0.0,,,,,,,,,,,,,,,,,,,,,,,,,,,,,,,,,,,,,,,,,-16.734172821044922,1.5540674316976728e-05,0.21027661859989166,0.00913808960467577,0.8644158244132996,965327
0.0,1075.8244814649224,0.0,0.0,0.5907797381900968,3,0.0,0.0,34.68706746165577,0.24953741583493266,15.500000000000085,0.0,557.4665869752396,281.70709356580454,1.0,,,,,,,,,,,,,,,,,,,,,,,,,,,,,,,,,,,,,,,,,-17.213035583496094,1.5433696137610277e-05,0.3013324737548828,0.009118793532252312,1.8675400018692017,967560
0.0,1063.4170228196308,0.0,0.0,0.5293838862559241,1,0.0,0.0,31.997730506300353,0.4742626499342311,55.39999999999899,0.0,1135.3847839425493,185.13443786096758,1.0,,,,,,,,,,,,,,,,,,,,,,,,,,,,,,,,,,,,,,,,,-17.447566986083984,1.5319476526931474e-05,0.2024887204170227,0.009108234196901321,-1.6827678680419922,969953
,,,,,,,,,,,,,,,,,,,,,,0.18528343737125397,1.1737712621688843,0.014811412431299686,0.32395732402801514,0.10062126815319061,0.16560207307338715,0.011226067319512367,0.13290104269981384,0.19400134682655334,11.999859809875488,0.29569071531295776,0.3237476348876953,0.296201229095459,0.09335467964410782,0.16959552466869354,10.827241897583008,0.8134635090827942,0.45348218083381653,8.48460865020752,0.48178988695144653,22.74184226989746,21.46333885192871,0.3800056576728821,21.42634391784668,0.3387434482574463,28.951007843017578,23.47460174560547,21.62590789794922,6.423818588256836,0.9455835819244385,6.7646684646606445,14.05772876739502,0.3562231659889221,-17.427865982055664,1.5317285209258235e-05,0.21631351113319397,0.009107925929129124,0.8210302591323853,969999
0.0,1039.1344888815656,0.0,0.0,0.7097203728362184,2,0.0,0.0,39.39303530501215,0.3274362317913843,7.299999999999982,0.0,622.1288404036302,173.73952975173353,1.0,,,,,,,,,,,,,,,,,,,,,,,,,,,,,,,,,,,,,,,,,-17.401626586914062,1.5229147937701585e-05,0.18622437119483948,0.009109679609537125,-0.309962660074234,971852
,,,,,,,,,,,,,,,833.021654,21,18023,2020.2,991853,748,0.1519625186920166,,,,,,,,,,,,,,,,,,,,,,,,,,,,,,,,,,,,,,,
0.0,532.5603291671723,0.0,0.0,0.23669467787114845,3,0.0,0.0,44.251787507568444,0.47388315669734155,2.2,0.0,410.85669685659514,259.022694183727,1.0,,,,,,,,,,,,,,,,,,,,,,,,,,,,,,,,,,,,,,,,,-17.839866638183594,1.5188047111531328e-05,0.20256930589675903,0.009109840728342533,0.06378066539764404,972718
0.0,434.0938558343332,0.0,0.0,0.2372972972972973,3,0.0,0.0,38.52197519145891,0.36937045278280356,2.3999999999999995,0.0,299.9288076596365,308.42447190665945,1.0,,,,,,,,,,,,,,,,,,,,,,,,,,,,,,,,,,,,,,,,,-17.723407745361328,1.5149608685041449e-05,0.24222350120544434,0.009116911329329014,-4.716066360473633,973529
0.0,2050.364749111235,0.0,0.0,1.0,5,0.0,0.0,37.94507900688042,0.4818729157165589,54.09999999999906,1.0,1875.449387968847,339.7536788010053,0.0,,,,,,,,,,,,,,,,,,,,,,,,,,,,,,,,,,,,,,,,,-17.755451202392578,1.4965890002889696e-05,0.20851753652095795,0.009128429926931858,0.1412183791399002,977420
,,,,,,,,,,,,,,,,,,,,,,0.17384730279445648,1.2132344245910645,0.01418281439691782,0.33070629835128784,0.0951654314994812,0.1588088870048523,0.010756831616163254,0.12291525304317474,0.18584571778774261,11.590005874633789,0.2994033098220825,0.31154900789260864,0.28964436054229736,0.0950571745634079,0.17206859588623047,11.068621635437012,0.7850425243377686,0.4500182271003723,7.906744480133057,0.47329235076904297,23.453670501708984,21.138486862182617,0.3779819905757904,21.850704193115234,0.3356098532676697,28.948230743408203,24.135221481323242,21.588706970214844,6.121687412261963,0.9123350381851196,6.937352180480957,13.563176155090332,0.36460185050964355,-17.505260467529297,1.4844757962942179e-05,0.17079584300518036,0.009111330844461918,1.242354393005371,979999
0.0,1901.2171966703609,0.0,0.0,1.0,0,0.0,0.0,25.162999219863163,0.5279604010472945,271.85000000002753,1.0,2872.6325420983294,0.0,0.0,,,,,,,,,,,,,,,,,,,,,,,,,,,,,,,,,,,,,,,,,-17.703746795654297,1.4710976644878924e-05,0.19932258129119873,0.009092452004551888,0.839353621006012,982860
,,,,,,,,,,,,,,,848.62659119,21,18571,2035.24,1002861,752,0.15170471370220184,,,,,,,,,,,,,,,,,,,,,,,,,,,,,,,,,,,,,,,
0.0,1524.7604981455952,0.0,0.0,0.9335684891240447,3,0.0,0.0,36.53398751828289,0.46709223777333486,50.99999999999924,0.0,1404.0792667466446,308.747182685733,1.0,,,,,,,,,,,,,,,,,,,,,,,,,,,,,,,,,,,,,,,,,-18.64719581604004,1.4571136709663128e-05,0.1657683253288269,0.009077060036361217,-0.838729202747345,985865
0.0,1487.2536257896572,0.0,0.0,1.0,3,0.0,0.0,33.848295196659215,0.415193036067686,62.499999999998586,1.0,1314.0859591542262,243.77759970307278,0.0,,,,,,,,,,,,,,,,,,,,,,,,,,,,,,,,,,,,,,,,,-18.113117218017578,1.4424644873574741e-05,0.16056373715400696,0.009067464619874954,-0.2233176976442337,989029
,,,,,,,,,,,,,,,,,,,,,,0.19168514013290405,1.2075077295303345,0.01392027735710144,0.33527135848999023,0.10757216811180115,0.16284790635108948,0.010621951892971992,0.13331875205039978,0.19790232181549072,11.476943969726562,0.3071801960468292,0.33219432830810547,0.3045448064804077,0.1005450189113617,0.17093884944915771,10.862930297851562,0.7485975623130798,0.4445875585079193,8.472224235534668,0.47130826115608215,22.886474609375,21.463239669799805,0.4011272192001343,21.64897346496582,0.3431192636489868,28.2529296875,23.628740310668945,21.804759979248047,6.836063861846924,0.8846145868301392,7.086056709289551,13.947454452514648,0.3601410984992981,-18.781871795654297,1.4379887815786985e-05,0.2087472677230835,0.009059244766831398,0.741522490978241,989999
0.0,1468.7281788783148,0.0,0.0,0.9543178973717147,2,0.0,0.0,34.08126797697987,0.49067946564590775,71.1499999999981,0.0,1523.0690613648976,130.29334970888678,1.0,,,,,,,,,,,,,,,,,,,,,,,,,,,,,,,,,,,,,,,,,-16.769298553466797,1.4281721830123418e-05,0.1993200033903122,0.009033187292516232,1.6479464769363403,992132
0.0,1922.8111260104924,0.0,0.0,1.0,4,0.0,0.0,37.99950471304525,0.44603290512985,33.20000000000025,1.0,1625.7899391983033,431.15164537533826,0.0,,,,,,,,,,,,,,,,,,,,,,,,,,,,,,,,,,,,,,,,,-17.88613510131836,1.4114821814629648e-05,0.19915565848350525,0.008987516164779663,-1.783022165298462,995776
,,,,,,,,,,,,,,,872.7193344599999,21,19195,2076.58,1015777,756,0.15140576660633087,,,,,,,,,,,,,,,,,,,,,,,,,,,,,,,,,,,,,,,
0.0,130.99928454030305,0.0,0.0,0.07467144563918758,0,0.0,0.0,37.51257562897196,0.29822349860017944,0.0,0.0,75.15232164724522,87.85161652194121,1.0,,,,,,,,,,,,,,,,,,,,,,,,,,,,,,,,,,,,,,,,,-18.476016998291016,1.4103363112560296e-05,0.14270833134651184,0.008983150124549866,0.33353304862976074,996027
