train/ent_coef,train/learning_rate,custom/routes_completed,train/n_updates,train/actor_loss,train/critic_loss,custom/mean_reward,custom/overtake_reward,custom/avg_speed,custom/blocked_time,custom/total_reward,train/ent_coef_loss,custom/total_distance,custom/overtakes,rollout/ep_len_mean,train/std,time/time_elapsed,time/total_timesteps,time/episodes,time/fps,rollout/ep_rew_mean,attention/throttle/waypoints,attention/steer/cam,attention/throttle_share/lidar,attention/throttle/maneuver,attention/throttle/sensors,attention/steer/next_angle,attention/throttle/speed,attention/throttle_share/cam,attention/steer_share/speed,attention/steer/waypoints,attention/throttle_share/next_angle,attention/throttle/next_angle,attention/throttle_share/prev_action,attention/throttle/lidar,attention/steer_share/next_angle,attention/steer_share/prev_action,attention/steer_share/waypoints,attention/steer/speed,attention/steer/route,attention/steer_share/lidar,attention/throttle_share/maneuver,attention/steer/sensors,attention/throttle_share/speed,attention/throttle/route,attention/steer_share/maneuver,attention/steer_share/cam,attention/throttle_share/waypoints,attention/steer/maneuver,attention/steer/lidar,attention/throttle/cam,attention/steer_sensors_vs_route,attention/steer/prev_action,attention/throttle/prev_action
0.00906284898519516,9.987621404396954e-05,0.5089005235602094,52261,-18.452537536621094,0.038642093539237976,0.3987594147588393,415.64475392685756,39.33535194869376,0.3,704.2091264641102,-8.13164234161377,964.4415261582471,1,,,,,,,,,,,,,,,,,,,,,,,,,,,,,,,,,,,,,,,,
,,,,,,,,,,,,,,492.81,0.21375428140163422,91,62262,268,19,111.67013284999999,,,,,,,,,,,,,,,,,,,,,,,,,,,,,,,,,
0.008959569968283176,9.987587814672468e-05,0.051940298507462686,52430,-18.37287139892578,0.08194771409034729,0.1798137187168296,39.1511734286185,39.38176790337975,1.3500000000000005,30.56833218186103,-1.512455940246582,92.79789029061794,0,,,,,,,,,,,,,,,,,,,,,,,,,,,,,,,,,,,,,,,,
0.008874928578734398,9.987558398865698e-05,0.03688141923436041,52578,-18.151334762573242,0.06721782684326172,0.30211523395146533,37.678099357058734,38.96329365426558,0.0,45.01516985876833,0.0884203165769577,80.34239275194705,0,,,,,,,,,,,,,,,,,,,,,,,,,,,,,,,,,,,,,,,,
0.008831041865050793,9.987543094713174e-05,0.01765375854214123,52655,-18.28026580810547,0.277515709400177,-0.0906929691925046,0.0,25.876111141147,3.8499999999999943,-7.074051597015359,-2.4970521926879883,27.81232421193272,0,,,,,,,,,,,,,,,,,,,,,,,,,,,,,,,,,,,,,,,,
0.00873713567852974,9.987488039612592e-05,0.043799212598425195,52932,-18.59410858154297,0.06613703072071075,0.10064324273310274,0.0,21.08365338552616,13.850000000000062,27.978821479802562,-1.0617402791976929,81.17275501508266,0,,,,,,,,,,,,,,,,,,,,,,,,,,,,,,,,,,,,,,,,
,,,,,,,,,,,,,,494.9,0.21347206830978394,125,62933,272,19,112.65003079,,,,,,,,,,,,,,,,,,,,,,,,,,,,,,,,,
0.00859773438423872,9.987383097460602e-05,0.16046966731898238,53460,-16.857261657714844,0.05613405629992485,0.15696051318855625,39.527037214623896,30.00667480502417,5.04999999999999,83.03211147674625,-0.8584070205688477,220.18972272705287,0,,,,,,,,,,,,,,,,,,,,,,,,,,,,,,,,,,,,,,,,
0.00858257431536913,9.987365408402433e-05,0.020532741398446172,53549,-16.822856903076172,0.10250270366668701,0.11460074181683942,0.0,29.323717116672984,0.0,10.314066763515548,2.3841795921325684,36.44636216200888,0,,,,,,,,,,,,,,,,,,,,,,,,,,,,,,,,,,,,,,,,
0.008390679024159908,9.987239399162701e-05,0.12917115177610333,54183,-15.99619197845459,0.04848531633615494,0.27322132754685,170.4968818032336,29.48469440889988,0.0,173.49554299224977,-1.4478302001953125,259.57475410215557,0,,,,,,,,,,,,,,,,,,,,,,,,,,,,,,,,,,,,,,,,
0.008359193801879883,9.987213958908393e-05,0.04447351209941138,54311,-16.988391876220703,0.0644490197300911,0.2416592403284434,0.0,37.71330076229584,0.0,31.174042002369198,-2.392219066619873,67.25088685937226,0,,,,,,,,,,,,,,,,,,,,,,,,,,,,,,,,,,,,,,,,
,,,,,,,,,,,,,,497.39,0.21286749839782715,200,64312,276,19,114.61636059,,,,,,,,,,,,,,,,,,,,,,,,,,,,,,,,,
0.008183963596820831,9.987069069330908e-05,0.14981729598051158,55040,-17.652950286865234,0.06352298706769943,0.4351699518266767,193.56775378856221,38.0695411119039,2.1000000000000005,317.674064833474,-2.299025058746338,385.5462272679433,0,,,,,,,,,,,,,,,,,,,,,,,,,,,,,,,,,,,,,,,,
0.00816462654620409,9.987053765555184e-05,0.013816102906145784,55117,-17.070911407470703,0.23567554354667664,0.006155086840981274,22.65743090104588,27.450659207390736,0.0,0.48009677359653935,-4.034125804901123,29.491126026026905,0,,,,,,,,,,,,,,,,,,,,,,,,,,,,,,,,,,,,,,,,
0.00810860563069582,9.986992550570127e-05,0.11533333333333333,55425,-17.882938385009766,0.054224081337451935,0.22337654018564143,0.0,40.019410560884204,2.3499999999999996,69.0233509173632,0.9804425239562988,171.48070517927408,0,,,,,,,,,,,,,,,,,,,,,,,,,,,,,,,,,,,,,,,,
0.008085682056844234,9.98687449363141e-05,0.12464101091326824,56019,-16.8192138671875,0.08953411132097244,0.1969650504925909,0.0,23.514191386134165,26.45000000000024,117.19420504309159,-8.392184257507324,194.13862090720795,0,,,,,,,,,,,,,,,,,,,,,,,,,,,,,,,,,,,,,,,,
,,,,,,,,,,,,,,504.57,0.21208395063877106,287,66020,280,19,118.98652168999999,,,,,,,,,,,,,,,,,,,,,,,,,,,,,,,,,
0.008144954219460487,9.986699794498732e-05,0.16555269922879176,56898,-17.404094696044922,0.03915080800652504,0.2796214901355942,251.1759127558415,28.05111955492208,0.0,246.06691131932286,2.2948222160339355,342.53512753825635,1,,,,,,,,,,,,,,,,,,,,,,,,,,,,,,,,,,,,,,,,
0.008148353546857834,9.986685285993638e-05,0.013211845102505695,56971,-17.063495635986328,0.04006252810359001,0.08368494730923494,22.938155638795404,27.391520511620378,1.5000000000000007,6.192686100883385,4.086061477661133,27.947993256151676,0,,,,,,,,,,,,,,,,,,,,,,,,,,,,,,,,,,,,,,,,
0.008191619999706745,9.986637388127369e-05,0.08915211970074813,57212,-17.695419311523438,0.12967371940612793,0.07198625564987579,0.0,39.21391882993315,3.899999999999994,17.42067386726994,3.529043674468994,131.58946087025106,0,,,,,,,,,,,,,,,,,,,,,,,,,,,,,,,,,,,,,,,,
0.00823384802788496,9.986579553098297e-05,0.0659000442282176,57503,-16.960193634033203,0.10940749943256378,0.11745587021569764,20.815095636077235,34.58445403505306,5.449999999999989,34.29711410298371,4.567730903625488,139.96775259450078,0,,,,,,,,,,,,,,,,,,,,,,,,,,,,,,,,,,,,,,,,
,,,,,,,,,,,,,,485.51,0.21148525178432465,364,67504,284,19,116.55617663999999,,,,,,,,,,,,,,,,,,,,,,,,,,,,,,,,,
0.008261550217866898,9.986561069773983e-05,0.011770031688546853,57596,-16.7651424407959,0.12328492105007172,-0.16359762239200526,0.0,22.386482604406307,0.0,-15.378176504848495,0.30091312527656555,28.944519490003586,0,,,,,,,,,,,,,,,,,,,,,,,,,,,,,,,,,,,,,,,,
0.00831933319568634,9.986504824925093e-05,0.0737527114967462,57879,-17.011335372924805,0.10337306559085846,0.4199136889778416,139.6713513006369,34.53498339427961,0.0,119.25548766970701,2.707646369934082,135.93060662411153,0,,,,,,,,,,,,,,,,,,,,,,,,,,,,,,,,,,,,,,,,
0.008387898094952106,9.986385379678582e-05,0.1223717409587889,58480,-16.502601623535156,0.09371773898601532,0.2995104785828595,136.3266118035189,36.829733514142795,1.4500000000000006,180.30530810688143,2.0361640453338623,307.6290879091248,0,,,,,,,,,,,,,,,,,,,,,,,,,,,,,,,,,,,,,,,,
0.008446626365184784,9.986270108740387e-05,0.10235294117647059,59060,-16.919219970703125,0.08170951902866364,0.2927771153430646,122.2238016491112,21.66987417367458,0.05,170.10350401432055,-1.172101616859436,174.6037295870483,0,,,,,,,,,,,,,,,,,,,,,,,,,,,,,,,,,,,,,,,,
,,,,,,,,,,,,,,462.55,0.21093317866325378,440,69061,288,19,112.73616431999999,,,,,,,,,,,,,,,,,,,,,,,,,,,,,,,,,
0.008469752036035061,9.986250035766055e-05,0.01631321370309951,59161,-16.49695587158203,0.12126720696687698,0.17624234063078517,27.051207141835445,21.920498668240025,0.0,17.976718744340086,1.6166701316833496,30.835006760433316,0,,,,,,,,,,,,,,,,,,,,,,,,,,,,,,,,,,,,,,,,
0.00850999541580677,9.986193791797461e-05,0.0685077004779607,59444,-16.816835403442383,0.09528398513793945,0.28811185234366077,38.94804717270626,33.756722000467995,0.0,81.82376606559966,-5.358248710632324,132.95247675199062,0,,,,,,,,,,,,,,,,,,,,,,,,,,,,,,,,,,,,,,,,
0.008565880358219147,9.986138939175763e-05,0.061053984575835475,59720,-16.531461715698242,0.07952673733234406,0.1182460104367095,32.87963107200354,24.744113139585334,0.0,32.75414489096853,2.8599143028259277,94.96333216875792,0,,,,,,,,,,,,,,,,,,,,,,,,,,,,,,,,,,,,,,,,
0.00858835969120264,9.9860834904838e-05,,59999,-16.489999771118164,0.07391545176506042,,,,,,3.983832836151123,,,,,,,,,,0.0667090117931366,0.6540602445602417,16.22090721130371,0.02876652218401432,0.43624404072761536,0.016534559428691864,0.17325735092163086,43.637123107910156,8.282896995544434,0.3916775584220886,0.4362558126449585,0.00401207385584712,10.48484992980957,0.14917734265327454,0.8493907451629639,15.97977066040039,20.1207218170166,0.16123798489570618,0.40855005383491516,17.208820343017578,3.1279489994049072,0.7621729373931885,18.839265823364258,0.08543054014444351,3.958915948867798,33.599483489990234,7.253653526306152,0.07706575095653534,0.3349933624267578,0.40131354331970215,1.8655558824539185,0.31106823682785034,0.09642506390810013
0.008627694100141525,9.986025060846783e-05,0.10057708161582853,60293,-18.672733306884766,0.058141984045505524,0.3072205884457374,107.24056880763041,31.628816659836133,7.79999999999998,176.34461776785326,0.5391456484794617,251.86832634732127,0,,,,,,,,,,,,,,,,,,,,,,,,,,,,,,,,,,,,,,,,
,,,,,,,,,,,,,,458.73,0.21050003170967102,504,70294,292,19,112.77948609,,,,,,,,,,,,,,,,,,,,,,,,,,,,,,,,,
0.008824029937386513,9.985720593545538e-05,0.2268628381585192,61825,-16.412063598632812,0.04519355669617653,0.22033073977768175,262.62276019908495,21.20303000671058,0.0,337.7670240791861,-6.282688617706299,451.1573753012344,0,,,,,,,,,,,,,,,,,,,,,,,,,,,,,,,,,,,,,,,,
0.008829775266349316,9.985705887018546e-05,0.007947019867549669,61899,-17.37287712097168,0.08767624944448471,-0.055292462040038626,0.0,17.3224882758871,0.0,-4.146934653002897,0.6803038716316223,17.753913171589375,0,,,,,,,,,,,,,,,,,,,,,,,,,,,,,,,,,,,,,,,,
0.008850231766700745,9.985687205770224e-05,0.018824871648602397,61993,-16.69121551513672,0.15441647171974182,0.04617490208383641,25.038937470716487,25.398134955144076,1.900000000000001,4.386615697964459,-0.6835200786590576,33.391586765879765,0,,,,,,,,,,,,,,,,,,,,,,,,,,,,,,,,,,,,,,,,
0.008872795850038528,9.985662562448237e-05,0.029182879377431907,62117,-15.954797744750977,0.11158747971057892,0.2631909126625828,52.658206218734584,34.562287452300446,0.0,32.898864082822854,-2.1098616123199463,59.72694328054786,0,,,,,,,,,,,,,,,,,,,,,,,,,,,,,,,,,,,,,,,,
,,,,,,,,,,,,,,466.85,0.20981904864311218,592,72118,296,19,114.02932407,,,,,,,,,,,,,,,,,,,,,,,,,,,,,,,,,
0.008982948958873749,9.985467006847584e-05,0.1716383662230381,63101,-16.981245040893555,0.15590249001979828,0.2917272548773449,248.05371703380442,26.997177317722244,3.2499999999999964,287.3513460541847,1.885596513748169,368.92753450013697,1,,,,,,,,,,,,,,,,,,,,,,,,,,,,,,,,,,,,,,,,
0.00904813315719366,9.98540917522465e-05,0.05295138888888889,63392,-16.5684871673584,0.07628524303436279,0.3717657901881199,134.73347218182957,29.891928559101856,0.0,108.55561073493101,5.2695112228393555,121.03548502083868,0,,,,,,,,,,,,,,,,,,,,,,,,,,,,,,,,,,,,,,,,
0.009114502929151058,9.985354920968527e-05,0.08832976445396146,63665,-17.75067138671875,0.10130734741687775,0.2922007184100897,15.98817533443143,43.16918616294337,0.0,80.06299684436458,3.775202751159668,164.0403892789036,0,,,,,,,,,,,,,,,,,,,,,,,,,,,,,,,,,,,,,,,,
0.009138128720223904,9.985336240050152e-05,0.01553556827473426,63759,-17.75225830078125,0.08347291499376297,0.05020566533768664,26.470093481443733,28.274653613812806,0.0,4.769538207080231,3.0244359970092773,37.04836727119982,0,,,,,,,,,,,,,,,,,,,,,,,,,,,,,,,,,,,,,,,,
,,,,,,,,,,,,,,476.46,0.20930160582065582,675,73760,300,19,117.74778478000002,,,,,,,,,,,,,,,,,,,,,,,,,,,,,,,,,
0.009287980385124683,9.985221173929539e-05,0.07386363636363637,64338,-17.124662399291992,0.09608536958694458,0.1859514112499908,49.20221823266893,20.423668097194554,19.050000000000136,107.85181852499466,0.36407142877578735,164.20314342400525,0,,,,,,,,,,,,,,,,,,,,,,,,,,,,,,,,,,,,,,,,
0.009390255436301231,9.985143469896856e-05,0.11228070175438597,64729,-16.894920349121094,0.1258329451084137,0.346904135704982,89.90193561954759,37.348628334984,3.2499999999999964,135.98642119635295,-2.903167247772217,203.15023787412792,0,,,,,,,,,,,,,,,,,,,,,,,,,,,,,,,,,,,,,,,,
0.009411620907485485,9.985112666592046e-05,0.02990732940185341,64884,-17.476211547851562,0.15261578559875488,0.16846229027041468,0.0,34.10789534961201,0.5499999999999999,26.28011728218469,-0.8559132814407349,73.58242007158697,0,,,,,,,,,,,,,,,,,,,,,,,,,,,,,,,,,,,,,,,,
0.009494374506175518,9.985038738855328e-05,0.07160596026490067,65256,-18.861892700195312,0.12062853574752808,0.3707122658502356,64.4214128960088,33.320391488597636,2.549999999999999,138.27567516213787,0.8174238204956055,172.39753356110305,0,,,,,,,,,,,,,,,,,,,,,,,,,,,,,,,,,,,,,,,,
,,,,,,,,,,,,,,472.69,0.20882414281368256,754,75257,304,19,117.23614686,,,,,,,,,,,,,,,,,,,,,,,,,,,,,,,,,
0.009528270922601223,9.985021449343686e-05,0.020327868852459016,65343,-17.692432403564453,0.14511483907699585,0.13480829172945344,0.0,24.802372244828817,1.1500000000000004,11.863129672191903,0.5406967997550964,30.12769150873646,0,,,,,,,,,,,,,,,,,,,,,,,,,,,,,,,,,,,,,,,,
0.009540805593132973,9.985009525551315e-05,0.008122743682310469,65403,-17.217880249023438,0.2192872166633606,-0.13820594868074965,0.0,21.756040747361432,0.0,-8.430562869525728,3.926185369491577,18.14036666881293,0,,,,,,,,,,,,,,,,,,,,,,,,,,,,,,,,,,,,,,,,
0.009578339755535126,9.984986274176781e-05,0.0225123818099955,65520,-17.10488510131836,0.2195698320865631,0.06545281863466161,0.0,28.0444255209693,0.0,7.723432598890071,2.735812187194824,45.76870455220342,0,,,,,,,,,,,,,,,,,,,,,,,,,,,,,,,,,,,,,,,,
0.00961233489215374,9.984957657137774e-05,0.028854080791426217,65664,-17.28014373779297,0.12013654410839081,0.14243113589838258,0.0,34.88453194008173,2.6999999999999984,20.652514705265475,1.8943575620651245,70.02854729536921,0,,,,,,,,,,,,,,,,,,,,,,,,,,,,,,,,,,,,,,,,
,,,,,,,,,,,,,,436.83,0.20867951214313507,775,75665,308,19,108.38961611999999,,,,,,,,,,,,,,,,,,,,,,,,,,,,,,,,,
0.009702838025987148,9.984880351592632e-05,0.027054619703930576,66053,-15.401813507080078,0.10510674864053726,0.12378738176414661,33.33396298304596,9.455786942476713,3.099999999999997,48.27707888801718,-3.121281623840332,50.96987967564564,0,,,,,,,,,,,,,,,,,,,,,,,,,,,,,,,,,,,,,,,,
0.009895511902868748,9.984691957847624e-05,0.20076563164610803,67001,-16.20796775817871,0.10578309744596481,0.28414586978419487,41.61126518673527,33.956750586915945,22.000000000000178,269.6544304252009,0.7882692217826843,447.2141241868958,0,,,,,,,,,,,,,,,,,,,,,,,,,,,,,,,,,,,,,,,,
0.009980696253478527,9.984614057158632e-05,0.07561436672967864,67393,-16.713504791259766,0.090457484126091,0.24798873044674744,0.0,21.064597729765172,18.150000000000123,97.45957106557174,-4.241951942443848,114.6774123965879,0,,,,,,,,,,,,,,,,,,,,,,,,,,,,,,,,,,,,,,,,
0.0100332610309124,9.98455304841393e-05,0.0688976377952756,67700,-16.719764709472656,0.08845043182373047,0.22995913869556678,39.98845168345751,23.387837844962572,0.0,70.82741471823456,0.7916756868362427,99.86698015220463,0,,,,,,,,,,,,,,,,,,,,,,,,,,,,,,,,,,,,,,,,
,,,,,,,,,,,,,,433.69,0.20815972983837128,881,77701,312,19,107.67727200000002,,,,,,,,,,,,,,,,,,,,,,,,,,,,,,,,,
0.010166910476982594,9.984382940330115e-05,0.25026014568158167,68556,-16.659423828125,0.09643007814884186,0.30952252069111313,109.00077314526311,38.239529683150266,2.499999999999999,265.26080023228394,1.2405977249145508,454.8528882493265,0,,,,,,,,,,,,,,,,,,,,,,,,,,,,,,,,,,,,,,,,
0.010178388096392155,9.984341407152349e-05,0.07259528130671507,68765,-17.220211029052734,0.1065404936671257,0.45733766368304635,0.0,40.91639569391415,0.0,96.04090937343973,0.709740161895752,119.08611224777997,0,,,,,,,,,,,,,,,,,,,,,,,,,,,,,,,,,,,,,,,,
0.010244447737932205,9.984240654780445e-05,0.06988148753575807,69272,-17.16748046875,0.1135234385728836,0.33260768446584177,159.1884743156558,24.34821180853007,0.0,168.96470370864762,1.5878987312316895,171.55888760928065,0,,,,,,,,,,,,,,,,,,,,,,,,,,,,,,,,,,,,,,,,
0.010348301380872726,9.984096184322148e-05,,69999,-15.946389198303223,0.08942050486803055,,,,,,-0.5821261405944824,,,,,,,,,,0.055484067648649216,0.6476538777351379,17.505939483642578,0.037733543664216995,0.4470118582248688,0.023491613566875458,0.19990161061286926,40.930335998535156,9.470525741577148,0.36685502529144287,0.43546435236930847,0.004188603721559048,10.654388427734375,0.16838449239730835,1.1920344829559326,16.829370498657227,18.61531639099121,0.18663717806339264,0.3953111469745636,16.932771682739258,3.922933340072632,0.731636106967926,20.782588958740234,0.07990428805351257,4.096091270446777,32.863887786865234,5.768350124359131,0.08072232455015182,0.3336968421936035,0.3936968445777893,1.8507853746414185,0.33165907859802246,0.1024814322590828
0.010366269387304783,9.984068760887483e-05,0.1503972758229285,70137,-17.722057342529297,0.18769952654838562,0.27145918684410825,51.739248596823316,20.253247052424957,38.34999999999996,235.08365580699774,1.853026032447815,243.32048926409334,0,,,,,,,,,,,,,,,,,,,,,,,,,,,,,,,,,,,,,,,,
,,,,,,,,,,,,,,443.96,0.2074170857667923,1008,80138,316,19,112.75934335000002,,,,,,,,,,,,,,,,,,,,,,,,,,,,,,,,,
0.010411531664431095,9.984028023246448e-05,0.03444034440344403,70342,-15.672245025634766,0.1181228756904602,0.3375164625838412,66.2306921343553,29.531977534989146,2.25,69.5283912922713,-2.018348217010498,84.20385221764445,0,,,,,,,,,,,,,,,,,,,,,,,,,,,,,,,,,,,,,,,,
0.010466190986335278,9.983926278868784e-05,0.08237986270022883,70854,-15.822625160217285,0.12975063920021057,0.12545563915108185,32.546810752710044,23.451199509420405,1.1500000000000004,64.35874288450499,-6.7205657958984375,166.8450964698568,0,,,,,,,,,,,,,,,,,,,,,,,,,,,,,,,,,,,,,,,,
0.01055445708334446,9.983681856028376e-05,0.2110469909315746,72084,-17.098451614379883,0.17719319462776184,0.33262877955894915,294.7690023319675,31.412667903707455,7.299999999999982,409.4660276370664,0.03441539406776428,536.7287618890405,1,,,,,,,,,,,,,,,,,,,,,,,,,,,,,,,,,,,,,,,,
0.010560382157564163,9.98364330505817e-05,0.03094302554027505,72278,-16.543346405029297,0.13304352760314941,-0.0537777446665487,0.0,21.759358521715928,1.800000000000001,-10.486660209976996,-0.4569503366947174,58.697756787063554,0,,,,,,,,,,,,,,,,,,,,,,,,,,,,,,,,,,,,,,,,
,,,,,,,,,,,,,,452.33,0.20695000886917114,1114,82279,320,19,115.35494535999999,,,,,,,,,,,,,,,,,,,,,,,,,,,,,,,,,
0.0105981957167387,9.983588062045703e-05,0.08654383026242322,72556,-16.90243911743164,0.11957962810993195,0.3486898314518558,56.82310596461678,39.88664602142759,0.0,97.28446297506777,1.785109519958496,154.3015928072855,0,,,,,,,,,,,,,,,,,,,,,,,,,,,,,,,,,,,,,,,,
0.010695752687752247,9.983240908932718e-05,0.4822389666307858,74303,-16.876235961914062,0.1181066632270813,0.338497722238372,82.81755409762872,36.81948353577961,26.50000000000024,591.6940184726742,-0.9918311834335327,893.5628987597302,0,,,,,,,,,,,,,,,,,,,,,,,,,,,,,,,,,,,,,,,,
0.01073933020234108,9.983058889461364e-05,0.2332493702770781,75219,-16.334238052368164,0.1003357470035553,0.2989035254795516,141.70508182642286,37.755720457490504,0.15000000000000002,274.0945328647488,-4.692157745361328,480.5255696391687,0,,,,,,,,,,,,,,,,,,,,,,,,,,,,,,,,,,,,,,,,
0.010762511752545834,9.982873692322251e-05,0.14377788795240456,76151,-16.063282012939453,0.09755487740039825,0.23063237823848953,214.54068585027255,22.895622225325354,0.0,215.18000889651074,1.0584638118743896,296.40059572272,0,,,,,,,,,,,,,,,,,,,,,,,,,,,,,,,,,,,,,,,,
,,,,,,,,,,,,,,480.02,0.20599417388439178,1312,86152,324,19,125.23369779,,,,,,,,,,,,,,,,,,,,,,,,,,,,,,,,,
0.010780946351587772,9.982839315790057e-05,0.06162294081757169,76324,-16.88641929626465,0.16486087441444397,0.15519649846498454,0.0,37.37968745035567,4.3499999999999925,27.00419073290731,1.8775906562805176,90.05878569581546,0,,,,,,,,,,,,,,,,,,,,,,,,,,,,,,,,,,,,,,,,
0.010819132439792156,9.982749102514469e-05,0.10447011551983927,76778,-16.1352481842041,0.13219653069972992,0.3070839062088719,115.71469173942603,35.68188132345496,3.949999999999994,139.72317732503672,0.4419627785682678,225.16776378266513,0,,,,,,,,,,,,,,,,,,,,,,,,,,,,,,,,,,,,,,,,
0.010838267393410206,9.982708963699755e-05,0.03067484662576687,76980,-16.666301727294922,0.11269758641719818,0.28072483450632135,84.84691383127985,25.854770416283746,0.0,56.98714140478323,-2.1483051776885986,72.65198028134182,0,,,,,,,,,,,,,,,,,,,,,,,,,,,,,,,,,,,,,,,,
0.01082995068281889,9.982678164169197e-05,0.03590010405827263,77135,-16.928070068359375,0.20324769616127014,0.28096062370765024,66.61415817078341,31.90537506176711,0.39999999999999997,43.829857298393435,1.27738356590271,68.85757171898149,0,,,,,,,,,,,,,,,,,,,,,,,,,,,,,,,,,,,,,,,,
,,,,,,,,,,,,,,471.84,0.20576907694339752,1362,87136,328,19,124.50699377999997,,,,,,,,,,,,,,,,,,,,,,,,,,,,,,,,,
0.010970969684422016,9.982325264569185e-05,0.3603520148216767,78911,-16.704769134521484,0.09238342195749283,0.2523059439513528,289.9155999399837,30.39933531945153,4.6499999999999915,448.347662401554,2.6680970191955566,749.6343782860786,0,,,,,,,,,,,,,,,,,,,,,,,,,,,,,,,,,,,,,,,,
0.011079942807555199,9.98210907691994e-05,,79999,-17.080631256103516,0.14546114206314087,,,,,,0.24476298689842224,,,,,,,,,,0.07637275010347366,0.5842558145523071,17.614151000976562,0.038635753095149994,0.44336459040641785,0.020076213404536247,0.21962134540081024,39.37529373168945,8.95872688293457,0.41520047187805176,0.5192376971244812,0.005219065584242344,9.199454307556152,0.17704688012599945,1.0475903749465942,16.720603942871094,21.66543960571289,0.17168667912483215,0.4366627037525177,17.154565811157227,3.843818187713623,0.6716720461845398,21.849828720092773,0.10102501511573792,3.966214418411255,30.48686408996582,7.5982208251953125,0.07600925862789154,0.3287532329559326,0.39577680826187134,1.538194179534912,0.3204367160797119,0.09246739745140076
0.011053989641368389,9.981894083815368e-05,0.3979591836734694,81081,-14.380880355834961,0.09949182718992233,0.1934429334150534,0.0,20.399593749268373,84.89999999999732,419.9646084440809,0.7358582019805908,614.7921140259132,0,,,,,,,,,,,,,,,,,,,,,,,,,,,,,,,,,,,,,,,,
0.011054832488298416,9.98181837977334e-05,0.09104859335038364,81462,-17.466217041015625,0.1058293953537941,0.3633478968509568,119.50087408432971,33.1475432362493,0.9000000000000002,138.7988965970655,1.842719316482544,175.5816564776469,1,,,,,,,,,,,,,,,,,,,,,,,,,,,,,,,,,,,,,,,,
0.011060791090130806,9.98178241548701e-05,0.04446978335233751,81643,-16.648950576782227,0.10765434801578522,0.31092795832547765,84.1565371572431,32.12015212035532,0.0,56.58888841523694,-0.015530645847320557,80.90999736450613,0,,,,,,,,,,,,,,,,,,,,,,,,,,,,,,,,,,,,,,,,
,,,,,,,,,,,,,,493.05,0.20488306879997253,1613,91644,332,19,130.05652131,,,,,,,,,,,,,,,,,,,,,,,,,,,,,,,,,
0.011065006256103516,9.981573188084963e-05,0.164850136239782,82696,-16.985523223876953,0.09805954992771149,0.24824050523227437,180.57790727407246,24.12848276196043,13.600000000000058,261.6454925148172,2.50571870803833,352.80887303175405,0,,,,,,,,,,,,,,,,,,,,,,,,,,,,,,,,,,,,,,,,
0.011077359318733215,9.981289651713344e-05,0.29174543163201005,84123,-15.322816848754883,0.10886906087398529,0.19609746546877235,210.5075263929104,24.486728418169044,9.349999999999998,280.0271806894069,-1.151059627532959,485.3487557088956,0,,,,,,,,,,,,,,,,,,,,,,,,,,,,,,,,,,,,,,,,
0.011081982403993607,9.98127435238862e-05,0.01342925659472422,84200,-16.669891357421875,0.17964500188827515,-0.006521281128694198,0.0,25.882702046361576,0.0,-0.5086599280381474,-7.3505401611328125,27.80156110227108,0,,,,,,,,,,,,,,,,,,,,,,,,,,,,,,,,,,,,,,,,
0.0110789118334651,9.981266205999744e-05,0.006644518272425249,84241,-15.9288330078125,0.10418973863124847,-0.21022863908532696,0.0,15.850756811135376,0.0,-8.829602841583732,0.2679266333580017,8.993791854009032,0,,,,,,,,,,,,,,,,,,,,,,,,,,,,,,,,,,,,,,,,
,,,,,,,,,,,,,,498.78,0.2044207751750946,1750,94242,336,19,129.63436183,,,,,,,,,,,,,,,,,,,,,,,,,,,,,,,,,
0.011182781308889389,9.980846572145335e-05,0.25613188580619217,86353,-16.87619400024414,0.10538630187511444,0.25554357378986525,278.96459304556646,21.160798522936105,0.0,539.9635714179852,-2.7575011253356934,620.6627304656431,0,,,,,,,,,,,,,,,,,,,,,,,,,,,,,,,,,,,,,,,,
0.011172543279826641,9.980822133515084e-05,0.027632950990615225,86476,-15.863077163696289,0.09618766605854034,0.20022767137245473,38.36092785013314,30.94297683617896,0.0,24.828231250184388,1.6897106170654297,53.02592770010233,0,,,,,,,,,,,,,,,,,,,,,,,,,,,,,,,,,,,,,,,,
0.011143540032207966,9.980606756968246e-05,0.16232771822358347,87560,-15.316661834716797,0.09516876190900803,0.24645590082244176,255.23813571068672,22.338930518665368,8.04999999999998,267.4046523923493,-0.5607112646102905,336.308485083282,0,,,,,,,,,,,,,,,,,,,,,,,,,,,,,,,,,,,,,,,,
0.01112325582653284,9.980472247154702e-05,0.08684654300168634,88237,-16.592336654663086,0.12181174010038376,0.25224537613850423,180.24111799271256,22.62742318560009,0.0,171.02236502190587,0.5020187497138977,212.74417014978826,0,,,,,,,,,,,,,,,,,,,,,,,,,,,,,,,,,,,,,,,,
,,,,,,,,,,,,,,498.68,0.20387598872184753,1935,98238,340,19,128.11667820999998,,,,,,,,,,,,,,,,,,,,,,,,,,,,,,,,,
0.011144577525556087,9.980368931520633e-05,0.10947641713543921,88757,-16.63063621520996,0.11631235480308533,0.4639622163456083,205.8264570287163,35.931004806910074,1.4000000000000006,241.72431471606194,-0.3063119351863861,259.73642785381526,1,,,,,,,,,,,,,,,,,,,,,,,,,,,,,,,,,,,,,,,,
0.01114852074533701,9.980320254148535e-05,0.05888594164456233,89002,-16.452011108398438,0.10244107246398926,0.34630422328472465,93.47699533438708,32.67692715371762,2.25,85.19083892804227,1.104565978050232,111.4131132173352,0,,,,,,,,,,,,,,,,,,,,,,,,,,,,,,,,,,,,,,,,
0.011138223111629486,9.980308730543219e-05,0.008924377642085486,89060,-15.840324401855469,0.20555898547172546,-0.14847050860590275,8.164937429482993,22.774976745440007,1.850000000000001,-8.759760007748262,3.5442919731140137,18.44953675242141,0,,,,,,,,,,,,,,,,,,,,,,,,,,,,,,,,,,,,,,,,
0.011115191504359245,9.980265020376936e-05,0.08327953518398967,89280,-16.579858779907227,0.10419996827840805,0.07088262451889153,0.0,38.57730299840377,4.699999999999991,15.665060018675028,-3.6127877235412598,118.11697737080976,0,,,,,,,,,,,,,,,,,,,,,,,,,,,,,,,,,,,,,,,,
,,,,,,,,,,,,,,498.34,0.20369607210159302,1990,99281,344,19,129.39234767000002,,,,,,,,,,,,,,,,,,,,,,,,,,,,,,,,,
0.011132275685667992,9.980213363031714e-05,0.08930817610062892,89540,-16.326305389404297,0.12928850948810577,0.14341063552116828,0.0,39.029177861040324,0.0,37.43017587102492,2.4295101165771484,141.2068677265197,0,,,,,,,,,,,,,,,,,,,,,,,,,,,,,,,,,,,,,,,,
0.011150933802127838,9.980122168277167e-05,,89999,-16.644386291503906,0.12651662528514862,,,,,,-1.888092279434204,,,,,,,,,,0.0712808221578598,0.6085385084152222,19.081113815307617,0.030515503138303757,0.44050824642181396,0.01657424494624138,0.18875360488891602,41.096134185791016,7.990443706512451,0.41499239206314087,0.5154049396514893,0.005040250718593597,9.596354484558105,0.18659815192222595,0.8484553098678589,16.74407386779785,21.243955612182617,0.15609019994735718,0.4357816278934479,18.104625701904297,3.120448112487793,0.7009471654891968,19.30152702331543,0.09189692884683609,3.916630268096924,31.151811599731445,7.289019584655762,0.07650984823703766,0.3536668121814728,0.40188756585121155,1.6084825992584229,0.32708895206451416,0.09384472668170929
0.011126682162284851,9.980038325103246e-05,0.37581274382314694,90421,-15.51129150390625,0.15550966560840607,0.4264414536015044,65.83130698337149,45.17478726960525,0.0,376.1213620765269,2.093372344970703,553.0595316886902,0,,,,,,,,,,,,,,,,,,,,,,,,,,,,,,,,,,,,,,,,
0.011134367436170578,9.979935011726447e-05,0.15207667731629393,90941,-16.893787384033203,0.11127413809299469,0.23324851883526324,55.04122121938454,29.56666513502744,0.44999999999999996,121.52247831317214,-6.095968246459961,213.71309180930257,0,,,,,,,,,,,,,,,,,,,,,,,,,,,,,,,,,,,,,,,,
0.011143185198307037,9.979895474634058e-05,0.07134071340713408,91140,-15.562795639038086,0.19800259172916412,0.22164125149192182,0.0,41.269705638591404,2.9999999999999973,44.32825029838436,0.5100270509719849,114.42403132654727,0,,,,,,,,,,,,,,,,,,,,,,,,,,,,,,,,,,,,,,,,
,,,,,,,,,,,,,,498.46,0.20343664288520813,2091,101141,348,19,130.81921323999998,,,,,,,,,,,,,,,,,,,,,,,,,,,,,,,,,
0.011139577254652977,9.979874216028983e-05,0.02015732546705998,91247,-15.385194778442383,0.16383862495422363,0.11988597040052881,34.800958459253515,27.539085575341705,0.0,12.947684803257111,0.7920511960983276,41.09890202246606,0,,,,,,,,,,,,,,,,,,,,,,,,,,,,,,,,,,,,,,,,
0.011097592301666737,9.979750241065772e-05,0.09302325581395349,91871,-15.770783424377441,0.1108257845044136,0.1829484681175113,0.0,20.277806296912896,31.20000000000031,114.34279257344457,0.5158854722976685,175.82015279969528,0,,,,,,,,,,,,,,,,,,,,,,,,,,,,,,,,,,,,,,,,
0.01104543823748827,9.979669180931347e-05,0.05230496453900709,92279,-15.257196426391602,0.1362920105457306,0.28927251797672426,0.0,19.909805211776096,19.000000000000135,118.31245985248023,-1.0300965309143066,112.87279570975807,0,,,,,,,,,,,,,,,,,,,,,,,,,,,,,,,,,,,,,,,,
0.011039498262107372,9.97962984304418e-05,0.030870445344129555,92477,-14.735700607299805,0.12493690103292465,0.2348844399699474,73.79375209183017,22.925641576566484,0.0,46.74200355401953,-0.8009399175643921,63.15031166560948,0,,,,,,,,,,,,,,,,,,,,,,,,,,,,,,,,,,,,,,,,
,,,,,,,,,,,,,,493.9,0.20314864814281464,2162,102478,352,19,128.56657822,,,,,,,,,,,,,,,,,,,,,,,,,,,,,,,,,
0.010940751992166042,9.979360241540785e-05,0.21494505494505495,93834,-15.391677856445312,0.16970425844192505,0.3005046707294541,334.7519866111277,26.390337741514024,0.0,408.08534285059864,0.7995100617408752,497.4439390846528,2,,,,,,,,,,,,,,,,,,,,,,,,,,,,,,,,,,,,,,,,
0.010816150344908237,9.978988129928987e-05,0.5540106951871657,95707,-16.632858276367188,0.11311696469783783,0.39957226054738065,307.8855708826984,39.55591786428572,0.3,748.7984162657914,-1.4519810676574707,1029.2323671244085,0,,,,,,,,,,,,,,,,,,,,,,,,,,,,,,,,,,,,,,,,
0.010816502384841442,9.97897044834414e-05,0.013297872340425532,95796,-16.50636100769043,0.09591114521026611,-0.040928893677059916,0.0,24.728474182824616,0.0,-3.6836004309353925,-1.6426438093185425,30.683932278305292,0,,,,,,,,,,,,,,,,,,,,,,,,,,,,,,,,,,,,,,,,
0.010744073428213596,9.978571126856696e-05,0.36782296650717705,97806,-15.544153213500977,0.09975284337997437,0.17356626687211235,299.5338933050072,21.30477026073783,10.800000000000018,349.04176267981796,0.6283891797065735,594.5659470297396,0,,,,,,,,,,,,,,,,,,,,,,,,,,,,,,,,,,,,,,,,
,,,,,,,,,,,,,,515.4,0.20214420557022095,2455,107807,356,19,134.19006007000002,,,,,,,,,,,,,,,,,,,,,,,,,,,,,,,,,
0.010680167935788631,9.978199824678478e-05,0.36049382716049383,99675,-15.393827438354492,0.12409006059169769,0.23166270358424754,312.30767303047725,21.711931017466934,26.750000000000245,433.2092557025429,0.852644145488739,563.5340086854994,0,,,,,,,,,,,,,,,,,,,,,,,,,,,,,,,,,,,,,,,,
0.010692565701901913,9.978135458393837e-05,,99999,-14.727377891540527,0.13458243012428284,,,,,,2.988546371459961,,,,,,,,,,0.06394869834184647,0.6220862865447998,20.15048599243164,0.03168585151433945,0.43239521980285645,0.01506626047194004,0.19504912197589874,39.69871520996094,8.644515037536621,0.399701327085495,0.5789650678634644,0.005504720378667116,8.99886417388916,0.19158804416656494,0.7601909041404724,16.559062957763672,20.16753387451172,0.17132604122161865,0.42339906096458435,18.2747802734375,3.332594633102417,0.716304361820221,20.514507293701172,0.08467239141464233,4.20561408996582,31.388303756713867,6.725875377655029,0.083351269364357,0.3621887266635895,0.3774498999118805,1.6917948722839355,0.3281848430633545,0.08555996417999268
0.010637398809194565,9.977886140340888e-05,0.3577449947312961,101254,-16.435091018676758,0.10978547483682632,0.34839727746092874,328.2987890895392,29.489018690673976,24.050000000000207,550.4676983882674,1.2267515659332275,646.8169816511218,1,,,,,,,,,,,,,,,,,,,,,,,,,,,,,,,,,,,,,,,,
0.010634614154696465,9.977864089253424e-05,0.02475532527345999,101365,-14.97748851776123,0.13868461549282074,0.0666380843500008,0.0,28.219837774776387,0.0,7.46346544720009,1.161057949066162,43.681511730886996,0,,,,,,,,,,,,,,,,,,,,,,,,,,,,,,,,,,,,,,,,
0.01062097679823637,9.977816013994482e-05,0.0678191489361702,101607,-15.860432624816895,0.14016583561897278,0.2213650597348492,56.30222475100241,31.946889062278508,4.6499999999999915,53.79170951556836,-2.1158931255340576,107.58676053769886,0,,,,,,,,,,,,,,,,,,,,,,,,,,,,,,,,,,,,,,,,
,,,,,,,,,,,,,,541.67,0.20149733126163483,2668,111608,360,19,142.88639337,,,,,,,,,,,,,,,,,,,,,,,,,,,,,,,,,
0.010616444982588291,9.977807869024125e-05,0.003966505068312032,101648,-14.679533004760742,0.22400104999542236,-0.1930169071189645,0.0,15.716902420161686,0.0,-8.106710098996508,2.6669342517852783,8.958478344604373,0,,,,,,,,,,,,,,,,,,,,,,,,,,,,,,,,,,,,,,,,
0.010623043403029442,9.977800121372497e-05,0.003561887800534283,101687,-16.290721893310547,0.11245755851268768,-0.011914141098100118,0.0,13.485563454480294,1.7500000000000009,-0.4765656439240047,2.643902540206909,7.291803841886576,0,,,,,,,,,,,,,,,,,,,,,,,,,,,,,,,,,,,,,,,,
0.010616030544042587,9.977772309314633e-05,0.03622047244094488,101827,-15.38572883605957,0.10914560407400131,0.3240438801209078,63.60000487697655,35.34039656622829,0.0,45.690187097047996,0.8751308917999268,68.90078252530657,0,,,,,,,,,,,,,,,,,,,,,,,,,,,,,,,,,,,,,,,,
0.010627279058098793,9.977746483867214e-05,0.025956885173779146,101957,-15.841299057006836,0.14957080781459808,0.11375309817034548,33.07722250815932,33.54949015190498,2.3,14.901655860315259,1.8125133514404297,60.773383151739836,0,,,,,,,,,,,,,,,,,,,,,,,,,,,,,,,,,,,,,,,,
,,,,,,,,,,,,,,525.91,0.20147807896137238,2687,111958,364,19,138.65813519,,,,,,,,,,,,,,,,,,,,,,,,,,,,,,,,,
0.01060299389064312,9.977573056925114e-05,0.11070559610705596,102830,-15.617238998413086,0.10820343345403671,0.2605316548912866,29.042673677677268,21.86502064449085,34.60000000000017,227.7046663749845,2.5053553581237793,265.11143170669675,0,,,,,,,,,,,,,,,,,,,,,,,,,,,,,,,,,,,,,,,,
0.01060244720429182,9.977540278807294e-05,0.03706896551724138,102995,-16.317874908447266,0.13532401621341705,0.11348332041620089,0.0,37.43815942446295,2.849999999999998,18.83823118908935,-0.01700100302696228,86.0974036641419,0,,,,,,,,,,,,,,,,,,,,,,,,,,,,,,,,,,,,,,,,
0.010594447143375874,9.977489621822557e-05,0.08890330953926022,103250,-14.912284851074219,0.14645043015480042,0.21387534309798484,6.570222140259628,38.663308853135334,2.0500000000000007,54.75208783308412,0.3756393790245056,137.30931329354644,0,,,,,,,,,,,,,,,,,,,,,,,,,,,,,,,,,,,,,,,,
0.01056333351880312,9.977342816624246e-05,0.18259162303664922,103989,-15.463960647583008,0.1629260778427124,0.3318957173609992,141.39332366199966,26.86427986373664,2.549999999999999,245.60283084713942,0.13998562097549438,275.76417644671164,0,,,,,,,,,,,,,,,,,,,,,,,,,,,,,,,,,,,,,,,,
,,,,,,,,,,,,,,517.28,0.20109440386295319,2792,113990,368,19,134.31453973,,,,,,,,,,,,,,,,,,,,,,,,,,,,,,,,,
0.010587790980935097,9.977163235016041e-05,0.1379971250598946,104893,-15.102832794189453,0.19317856431007385,0.3322755785199253,150.39505073663454,22.393529585619582,2.5999999999999988,300.7093985605324,-2.134396553039551,281.0179530745372,0,,,,,,,,,,,,,,,,,,,,,,,,,,,,,,,,,,,,,,,,
0.010588542558252811,9.977121319631115e-05,0.06880992667794698,105104,-16.19203758239746,0.12830068171024323,0.06780076621862965,0.0,36.616005631087056,5.14999999999999,14.373762438349488,-0.32852792739868164,107.60855249292217,0,,,,,,,,,,,,,,,,,,,,,,,,,,,,,,,,,,,,,,,,
0.010592663660645485,9.977100461297186e-05,0.0004723665564478035,105209,-16.200443267822266,0.18006251752376556,-0.09279061908398813,0.0,0.36747453623356463,0.0,-9.835805622902742,2.100295066833496,0.49573226273059845,0,,,,,,,,,,,,,,,,,,,,,,,,,,,,,,,,,,,,,,,,
0.01058187521994114,9.976997759153507e-05,0.13688212927756654,105726,-15.099176406860352,0.1569136381149292,0.3435391936377344,159.90089814918505,37.85822915557589,5.09999999999999,177.9533023043464,-0.23012343049049377,272.01002388447523,1,,,,,,,,,,,,,,,,,,,,,,,,,,,,,,,,,,,,,,,,
,,,,,,,,,,,,,,527.94,0.2007858008146286,2879,115727,372,19,138.19331916000002,,,,,,,,,,,,,,,,,,,,,,,,,,,,,,,,,
0.010585230775177479,9.976978291495643e-05,0.017687074829931974,105824,-15.049534797668457,0.16286808252334595,0.03326009128047983,18.223751719812626,28.71909130894437,0.39999999999999997,3.2927490367675034,1.4745509624481201,39.3992639509961,0,,,,,,,,,,,,,,,,,,,,,,,,,,,,,,,,,,,,,,,,
0.010562235489487648,9.976914127819667e-05,0.08495145631067962,106147,-16.07882308959961,0.18485300242900848,0.1815943305918754,64.06426030613349,30.972926346910686,4.399999999999992,58.83656311176763,1.9929208755493164,139.16352376248688,0,,,,,,,,,,,,,,,,,,,,,,,,,,,,,,,,,,,,,,,,
0.010589931160211563,9.976770107939827e-05,0.0989399293286219,106872,-15.190938949584961,0.22256767749786377,0.2503577462743018,0.0,20.3918561068703,36.25000000000008,181.7597237951431,-1.9057888984680176,205.3044312153943,0,,,,,,,,,,,,,,,,,,,,,,,,,,,,,,,,,,,,,,,,
0.010593709535896778,9.976732563618686e-05,0.03479749001711352,107061,-15.406387329101562,0.19367292523384094,0.23038059796738836,68.9095520654655,23.11738283029173,0.0,43.77231361380379,-1.1288347244262695,60.789146572351456,0,,,,,,,,,,,,,,,,,,,,,,,,,,,,,,,,,,,,,,,,
,,,,,,,,,,,,,,527.5,0.20054003596305847,2950,117062,376,19,138.08411936000002,,,,,,,,,,,,,,,,,,,,,,,,,,,,,,,,,
0.010575862601399422,9.97671667186393e-05,0.012906309751434034,107141,-15.465890884399414,0.18644407391548157,-0.026630317727249248,14.764589200324457,24.562755837810656,0.0,-2.157055735907189,-1.0692027807235718,27.481770461425185,0,,,,,,,,,,,,,,,,,,,,,,,,,,,,,,,,,,,,,,,,
0.010588331148028374,9.976649132048124e-05,0.05951219512195122,107481,-15.853973388671875,1.0694916248321533,0.3603877517265564,152.38767790159275,26.339199086989964,0.0,122.89222333875574,0.7346680164337158,124.49255898222327,0,,,,,,,,,,,,,,,,,,,,,,,,,,,,,,,,,,,,,,,,
0.010562104173004627,9.97663383629822e-05,0.011880165289256199,107558,-15.404228210449219,0.19960540533065796,-0.06365378402605405,23.301532483279118,23.417436009679445,0.0,-4.964995154032216,-0.40926146507263184,25.088927392847836,0,,,,,,,,,,,,,,,,,,,,,,,,,,,,,,,,,,,,,,,,
0.010565313510596752,9.976561727921685e-05,0.10939431396786156,107921,-15.842958450317383,0.1760222613811493,0.31774077773569415,111.45672541364122,34.61020171638047,4.449999999999992,115.65764309579268,-2.025204658508301,174.68615237390622,1,,,,,,,,,,,,,,,,,,,,,,,,,,,,,,,,,,,,,,,,
,,,,,,,,,,,,,,519.02,0.20028594136238098,2995,117922,380,19,135.35836887999997,,,,,,,,,,,,,,,,,,,,,,,,,,,,,,,,,
0.01057632640004158,9.976489619807054e-05,0.06305922454196847,108284,-15.806529998779297,0.21912583708763123,0.2615596825568975,45.57458878240646,30.482568567759568,3.349999999999996,95.20772445071069,0.016492053866386414,153.83089386112988,0,,,,,,,,,,,,,,,,,,,,,,,,,,,,,,,,,,,,,,,,
0.01058607455343008,9.97645088415113e-05,0.049911920140927775,108479,-14.888885498046875,0.16008123755455017,0.2693477907486089,25.350604190107052,31.01769857092727,5.549999999999988,52.79216698672734,1.3143064975738525,84.22603759542108,0,,,,,,,,,,,,,,,,,,,,,,,,,,,,,,,,,,,,,,,,
0.010600500740110874,9.97639288013076e-05,0.05508474576271186,108771,-14.54916763305664,0.16874876618385315,0.3041408086791214,116.68034148719754,24.676522199949247,0.0,89.11325694298257,0.05094558745622635,100.16472837748006,0,,,,,,,,,,,,,,,,,,,,,,,,,,,,,,,,,,,,,,,,
0.010585413314402103,9.976295544997932e-05,0.15135135135135136,109261,-15.39159870147705,0.183095782995224,0.2157347029195234,22.38094718308351,37.405264672322446,6.149999999999986,105.92573913348599,2.5419061183929443,254.8344124108553,0,,,,,,,,,,,,,,,,,,,,,,,,,,,,,,,,,,,,,,,,
,,,,,,,,,,,,,,517.58,0.1999731957912445,3065,119262,384,19,135.75598389999996,,,,,,,,,,,,,,,,,,,,,,,,,,,,,,,,,
0.010595493018627167,9.976194436151005e-05,0.09612692487167522,109770,-14.640741348266602,0.19307702779769897,0.27517781579036776,53.59064797861087,28.5983303454347,1.850000000000001,140.34068605308755,-0.918327808380127,202.15058072656393,0,,,,,,,,,,,,,,,,,,,,,,,,,,,,,,,,,,,,,,,,
0.010581482201814651,9.976148947269946e-05,,109999,-14.732316017150879,0.19858470559120178,,,,,,1.3334801197052002,,,,,,,,,,0.06836268305778503,0.6277855634689331,20.435449600219727,0.03419886529445648,0.43974146246910095,0.018814992159605026,0.2225554883480072,37.44409942626953,8.195117950439453,0.4288581609725952,0.4369213879108429,0.004483188036829233,9.998360633850098,0.20968523621559143,0.9372248649597168,15.817477226257324,21.362565994262695,0.16451875865459442,0.44732147455215454,18.08283805847168,3.332944393157959,0.7168310284614563,21.689754486083984,0.09012258052825928,4.3331098556518555,31.271671295166016,6.662472724914551,0.08698811382055283,0.36301690340042114,0.3842085599899292,1.6024963855743408,0.3175392746925354,0.10259175300598145
0.010617068037390709,9.976023803724502e-05,0.15522875816993464,110629,-15.022178649902344,0.16797128319740295,0.23951134208555935,207.93315736662012,22.375089317685575,1.950000000000001,205.97975419358104,1.1168640851974487,266.90290953218937,0,,,,,,,,,,,,,,,,,,,,,,,,,,,,,,,,,,,,,,,,
0.010607954114675522,9.976008905735923e-05,0.015069967707212056,110704,-14.464561462402344,0.18848785758018494,-0.049910583475150774,23.865623276249362,26.07429869086787,0.0,-3.7932043441114587,-0.17667150497436523,27.279156314674765,0,,,,,,,,,,,,,,,,,,,,,,,,,,,,,,,,,,,,,,,,
0.010632636025547981,9.975941169688835e-05,0.08403805496828752,111045,-14.471527099609375,0.1798454225063324,0.22369029060615925,0.0,33.792628671725424,0.0,76.50207938730647,0.8264386653900146,160.18384152278304,0,,,,,,,,,,,,,,,,,,,,,,,,,,,,,,,,,,,,,,,,
,,,,,,,,,,,,,,519.85,0.19961103796958923,3156,121046,388,19,135.39910449,,,,,,,,,,,,,,,,,,,,,,,,,,,,,,,,,
0.01065388135612011,9.975817020642418e-05,0.14124668435013263,111670,-14.544941902160645,0.197132408618927,0.3645280948991758,176.5630353833305,24.235090085809002,0.2,228.19458740688407,-4.485183238983154,210.48519104160368,0,,,,,,,,,,,,,,,,,,,,,,,,,,,,,,,,,,,,,,,,
0.010621340945363045,9.975421139348507e-05,0.5058703420112303,113663,-14.823634147644043,0.16114923357963562,0.3601046198099627,305.851543345315,35.557631820483394,0.0,718.0486119010657,1.7475473880767822,984.2141498895362,0,,,,,,,,,,,,,,,,,,,,,,,,,,,,,,,,,,,,,,,,
0.010626569390296936,9.975284876966359e-05,0.11073663938372653,114349,-15.495865821838379,0.13956457376480103,0.25272146171142995,0.0,22.189191030275996,34.30000000000019,173.61964419575236,-6.913394451141357,211.45825185533613,0,,,,,,,,,,,,,,,,,,,,,,,,,,,,,,,,,,,,,,,,
0.010637859813869,9.974896554171693e-05,0.30458353868900934,116304,-14.785247802734375,0.15751171112060547,0.27264941174094437,502.55935460922785,22.00393418696701,5.599999999999988,533.3022493652871,1.7963993549346924,597.3236252004281,0,,,,,,,,,,,,,,,,,,,,,,,,,,,,,,,,,,,,,,,,
,,,,,,,,,,,,,,560.11,0.19868461787700653,3443,126305,392,19,148.83610728,,,,,,,,,,,,,,,,,,,,,,,,,,,,,,,,,
0.010647482238709927,9.974868150296118e-05,0.02717391304347826,116447,-14.778487205505371,0.13053080439567566,0.12979985170489114,7.478667352802268,27.997952608825685,0.65,18.691178645504323,-2.084566831588745,55.797000497579575,0,,,,,,,,,,,,,,,,,,,,,,,,,,,,,,,,,,,,,,,,
0.010655857622623444,9.97484252725442e-05,0.02133062468257999,116576,-15.476804733276367,0.17907686531543732,0.09851412851439413,14.24031434693838,23.02691716374321,1.6000000000000008,12.806836706871238,2.0241546630859375,41.43316940474324,0,,,,,,,,,,,,,,,,,,,,,,,,,,,,,,,,,,,,,,,,
0.010655933991074562,9.974821472686775e-05,0.0005246589716684155,116682,-14.926848411560059,0.20752881467342377,-0.09169664656056387,0.0,0.3675067551776715,0.0,-9.811541181980333,2.9603114128112793,0.4997493475675583,0,,,,,,,,,,,,,,,,,,,,,,,,,,,,,,,,,,,,,,,,
0.010641619563102722,9.974765261073122e-05,0.057628524046434496,116965,-14.061872482299805,0.12054619938135147,0.40689791278020887,143.4557618570235,35.05264186920854,0.0,115.55900722957932,0.9124605655670166,138.01620806427673,0,,,,,,,,,,,,,,,,,,,,,,,,,,,,,,,,,,,,,,,,
,,,,,,,,,,,,,,548.48,0.19859477877616882,3476,126966,396,19,146.4985064,,,,,,,,,,,,,,,,,,,,,,,,,,,,,,,,,
0.010614607483148575,9.974626023803962e-05,0.1477132262051916,117666,-15.547633171081543,0.14731945097446442,0.2727619896255976,202.0779677073414,22.421156349148294,0.0,191.47891671716954,1.031054139137268,218.2068576356396,1,,,,,,,,,,,,,,,,,,,,,,,,,,,,,,,,,,,,,,,,
0.01063588261604309,9.974399790152667e-05,0.2591380250954719,118805,-15.186149597167969,0.17242279648780823,0.28716515830977635,210.08219888851517,28.4894674146952,20.450000000000156,327.36828047314503,2.5027551651000977,450.7290844914969,0,,,,,,,,,,,,,,,,,,,,,,,,,,,,,,,,,,,,,,,,
0.010646172799170017,9.97432431330094e-05,0.06181121226641112,119185,-14.702144622802734,0.13666042685508728,0.22559981336657836,0.0,22.39278271179692,19.000000000000135,85.95352889266636,-5.208597660064697,118.27798473881558,0,,,,,,,,,,,,,,,,,,,,,,,,,,,,,,,,,,,,,,,,
0.010643908753991127,9.974309615210571e-05,0.017306652244456464,119259,-13.80622673034668,0.2146325409412384,0.19705487182854947,0.0,29.414376551294595,0.0,14.77911538714121,0.09730947762727737,30.376643162220716,0,,,,,,,,,,,,,,,,,,,,,,,,,,,,,,,,,,,,,,,,
,,,,,,,,,,,,,,555.0,0.19809982180595398,3597,129260,400,19,147.88159856000004,,,,,,,,,,,,,,,,,,,,,,,,,,,,,,,,,
0.010664895176887512,9.974177531508472e-05,0.14035087719298245,119924,-15.567956924438477,0.19292224943637848,0.22775338074404708,77.2800787151389,30.528445111947327,1.5000000000000007,151.68375157553535,-3.2819344997406006,281.8612848678604,0,,,,,,,,,,,,,,,,,,,,,,,,,,,,,,,,,,,,,,,,
0.010669880546629429,9.974162634905496e-05,,119999,-14.101822853088379,0.18485885858535767,,,,,,-1.286604642868042,,,,,,,,,,0.08226299285888672,0.6506564617156982,19.660125732421875,0.03307955339550972,0.4469869136810303,0.017199859023094177,0.22378116846084595,37.69963455200195,8.095606803894043,0.4186397194862366,0.4354446232318878,0.0045143598690629005,9.493714332580566,0.20382127165794373,0.8324320316314697,15.969897270202637,20.261159896850586,0.16727286577224731,0.4356759786605835,19.334121704101562,3.1907765865325928,0.7394877672195435,21.58540916442871,0.10189569741487503,4.016561031341553,31.49021339416504,7.934896469116211,0.08299090713262558,0.39948511123657227,0.3908412456512451,1.6973342895507812,0.32997286319732666,0.09842362999916077
0.010682433843612671,9.974149525904126e-05,0.034192825112107625,120065,-14.730562210083008,0.1965913474559784,0.09874044860898344,7.170758371615853,28.476431828860914,0.49999999999999994,14.021143702475648,-0.9769560694694519,56.01536713261157,0,,,,,,,,,,,,,,,,,,,,,,,,,,,,,,,,,,,,,,,,
0.0106874480843544,9.973900059285759e-05,0.23016202742002492,121321,-15.226556777954102,0.17553265392780304,0.371642752846284,383.25801276301917,33.24290277440452,2.1000000000000005,467.154940327779,1.1261963844299316,580.062532465905,1,,,,,,,,,,,,,,,,,,,,,,,,,,,,,,,,,,,,,,,,
0.010694559663534164,9.97388377256143e-05,0.011985409067222511,121403,-14.609856605529785,0.13715669512748718,-0.01851216474863418,0.0,20.103568661706248,0.0,-1.5365096741366369,2.2186081409454346,22.947833328973502,0,,,,,,,,,,,,,,,,,,,,,,,,,,,,,,,,,,,,,,,,
,,,,,,,,,,,,,,561.47,0.19783559441566467,3705,131404,404,19,150.11089147,,,,,,,,,,,,,,,,,,,,,,,,,,,,,,,,,
0.010688064619898796,9.973871855454533e-05,0.009462151394422311,121463,-15.567493438720703,0.2504029870033264,-0.022312275259361386,0.0,19.946931991952194,0.0,-1.3610487908210445,-0.05455281585454941,16.680472925305367,0,,,,,,,,,,,,,,,,,,,,,,,,,,,,,,,,,,,,,,,,
0.010676201432943344,9.973809886614021e-05,0.042863087806908035,121775,-14.105554580688477,0.24807055294513702,0.21016341012011278,49.77634113461814,24.15916914842515,1.6500000000000008,65.7811473675953,0.8253762722015381,104.66616069152951,1,,,,,,,,,,,,,,,,,,,,,,,,,,,,,,,,,,,,,,,,
0.010674756020307541,9.973667478184902e-05,0.16961736150770987,122492,-15.669018745422363,0.16025596857070923,0.32068996734500427,55.59119254930208,27.2314286935567,25.60000000000023,230.25539655371307,1.9209197759628296,271.26665078662336,0,,,,,,,,,,,,,,,,,,,,,,,,,,,,,,,,,,,,,,,,
0.010669749230146408,9.97362417986927e-05,0.047619047619047616,122710,-15.198497772216797,0.1346733570098877,0.2157537160371483,47.22301545194496,33.20494398452234,0.0,47.25006381213548,0.9344159364700317,100.66894993558526,0,,,,,,,,,,,,,,,,,,,,,,,,,,,,,,,,,,,,,,,,
,,,,,,,,,,,,,,570.46,0.19755564630031586,3776,132711,408,19,153.21806192,,,,,,,,,,,,,,,,,,,,,,,,,,,,,,,,,
0.010535570792853832,9.973320101240323e-05,0.27235772357723576,124241,-14.532315254211426,0.17577479779720306,0.3267242426757051,287.01659276994684,30.34052378306447,0.0,500.5415397791802,-0.6521942615509033,645.2166365366429,1,,,,,,,,,,,,,,,,,,,,,,,,,,,,,,,,,,,,,,,,
0.010541294701397419,9.973263496653919e-05,0.07250755287009064,124526,-15.043511390686035,0.1644136607646942,0.3063621331434052,48.97832367759058,30.32407063891547,7.149999999999983,87.6195700790139,-1.8284869194030762,120.1478997413069,0,,,,,,,,,,,,,,,,,,,,,,,,,,,,,,,,,,,,,,,,
0.010532883927226067,9.973002720416466e-05,0.27208894090111174,125839,-14.61563491821289,0.2286701202392578,0.30475631870571424,173.51220174382448,23.98860049736195,38.99999999999992,400.44980277930847,1.855896234512329,437.4591759182513,0,,,,,,,,,,,,,,,,,,,,,,,,,,,,,,,,,,,,,,,,
0.010566200129687786,9.972641055464767e-05,0.38392857142857145,127660,-14.473154067993164,0.20760628581047058,0.15895622219670946,0.0,23.469855120252056,28.750000000000274,289.61823684240466,-0.16676217317581177,593.6395590231696,0,,,,,,,,,,,,,,,,,,,,,,,,,,,,,,,,,,,,,,,,
,,,,,,,,,,,,,,599.6,0.19646184146404266,4037,137661,412,19,161.14247982,,,,,,,,,,,,,,,,,,,,,,,,,,,,,,,,,
0.010538400150835514,9.972468268934758e-05,0.24571428571428572,128530,-15.570438385009766,0.23795747756958008,0.275203540019454,149.89775735990938,30.915647300241503,8.649999999999988,239.70228335694443,-0.7038822174072266,373.75091028399765,0,,,,,,,,,,,,,,,,,,,,,,,,,,,,,,,,,,,,,,,,
0.010524950921535492,9.972391806410276e-05,0.0983009708737864,128915,-14.932498931884766,0.1713409721851349,0.4091335503197825,77.13040021480776,30.13395838784853,2.8999999999999977,157.92555042343605,-1.610910415649414,161.3770730998367,0,,,,,,,,,,,,,,,,,,,,,,,,,,,,,,,,,,,,,,,,
0.010535982437431812,9.972383465061791e-05,0.005635566687539136,128957,-14.569522857666016,0.24178820848464966,-0.17808723921460395,0.0,14.412256775171533,0.0,-7.6577512862279695,0.8150562047958374,8.401463684160262,0,,,,,,,,,,,,,,,,,,,,,,,,,,,,,,,,,,,,,,,,
0.010570734739303589,9.972176521300487e-05,,129999,-15.520075798034668,0.1413002610206604,,,,,,1.3645830154418945,,,,,,,,,,0.07111981511116028,0.603684663772583,20.543039321899414,0.03835637494921684,0.443284273147583,0.01933509111404419,0.2226177453994751,37.73331069946289,8.11335563659668,0.4295852780342102,0.7236118912696838,0.007562515325844288,9.223962783813477,0.21469664573669434,0.9505643844604492,17.046009063720703,21.119552612304688,0.16503086686134338,0.45307010412216187,19.297801971435547,3.6700923442840576,0.6959215402603149,21.300962448120117,0.09661641716957092,3.7939820289611816,29.678739547729492,6.80502986907959,0.07717203348875046,0.3925297260284424,0.39435330033302307,1.536012887954712,0.34672680497169495,0.09640024602413177
0.01057503093034029,9.972126473805119e-05,0.28529584065612185,130251,-15.761690139770508,0.17348432540893555,0.27472709869038503,324.1421982049057,26.70159416384261,0.0,355.7715928040486,1.4565954208374023,479.62089800764807,2,,,,,,,,,,,,,,,,,,,,,,,,,,,,,,,,,,,,,,,,
,,,,,,,,,,,,,,601.14,0.19598481059074402,4174,140252,416,19,160.95339588,,,,,,,,,,,,,,,,,,,,,,,,,,,,,,,,,
0.010571536608040333,9.972064510414304e-05,0.055952380952380955,130563,-15.1116304397583,0.14451919496059418,-0.0054667283424444406,0.0,21.751482114401124,1.950000000000001,-1.7110859711851099,3.236476421356201,94.38938638940454,0,,,,,,,,,,,,,,,,,,,,,,,,,,,,,,,,,,,,,,,,
0.010525839403271675,9.97175449776523e-05,0.3357699805068226,132124,-15.008041381835938,0.13790957629680634,0.2895020171032161,261.4275787052705,30.61582581464432,1.6500000000000008,452.2021507152235,-0.22581133246421814,663.3682055193931,0,,,,,,,,,,,,,,,,,,,,,,,,,,,,,,,,,,,,,,,,
0.010531282052397728,9.971737617010501e-05,0.01940700808625337,132209,-15.160272598266602,0.2340916246175766,0.03883621565417206,16.965802350801116,30.469090736404702,0.0,3.3399145462587967,1.001742959022522,36.1912394342944,0,,,,,,,,,,,,,,,,,,,,,,,,,,,,,,,,,,,,,,,,
0.010598650202155113,9.971138855999057e-05,0.7945736434108527,135224,-15.159011840820312,0.15058691799640656,0.29614929304464455,409.281248097338,28.12693690314199,38.599999999999945,893.186267822648,1.5740787982940674,1177.6936168326065,0,,,,,,,,,,,,,,,,,,,,,,,,,,,,,,,,,,,,,,,,
,,,,,,,,,,,,,,629.46,0.1951117217540741,4443,145225,420,19,169.08190334,,,,,,,,,,,,,,,,,,,,,,,,,,,,,,,,,
0.010625611990690231,9.971091591388462e-05,0.05478221823080377,135462,-15.131996154785156,0.15548968315124512,0.13342075126777908,19.650261914606013,34.23398794647399,5.249999999999989,31.8875595529992,-1.2558523416519165,113.39384174905717,0,,,,,,,,,,,,,,,,,,,,,,,,,,,,,,,,,,,,,,,,
0.010625287890434265,9.971068356306042e-05,0.024251805985552117,135579,-15.185524940490723,0.17999228835105896,0.21084856190359597,51.99197436946209,29.162919742854882,0.0,24.880130304624323,1.9861005544662476,47.52911938261241,0,,,,,,,,,,,,,,,,,,,,,,,,,,,,,,,,,,,,,,,,
0.010590259917080402,9.971037574828496e-05,0.029633350075339026,135734,-14.603492736816406,0.16698727011680603,0.22615946679625226,63.31343342799559,28.54972151423278,0.0,35.280876820215354,-5.781488418579102,61.61381843779236,0,,,,,,,,,,,,,,,,,,,,,,,,,,,,,,,,,,,,,,,,
0.01062805950641632,9.970959727691927e-05,0.053400273847558195,136126,-14.877235412597656,0.17965804040431976,0.2951234035786692,95.49843572171866,21.45705407458986,3.649999999999995,115.98349760641699,1.3493764400482178,116.8431038132403,0,,,,,,,,,,,,,,,,,,,,,,,,,,,,,,,,,,,,,,,,
,,,,,,,,,,,,,,599.75,0.19504013657569885,4492,146127,424,19,159.37538254,,,,,,,,,,,,,,,,,,,,,,,,,,,,,,,,,
0.010599019937217236,9.970814360897426e-05,0.19952913478516773,136858,-15.25792121887207,0.21341094374656677,0.2600479851639362,64.52839891444786,30.94213138019207,6.449999999999985,190.61517312516523,0.8186883330345154,314.7392330877483,0,,,,,,,,,,,,,,,,,,,,,,,,,,,,,,,,,,,,,,,,
0.010578308254480362,9.97069183260956e-05,0.11048034934497816,137475,-13.857439994812012,0.20587770640850067,0.3646580822497493,168.86008235507364,27.194103635836555,7.699999999999981,225.3586948303451,-1.975510597229004,233.1601955536753,0,,,,,,,,,,,,,,,,,,,,,,,,,,,,,,,,,,,,,,,,
0.01057838462293148,9.970605050471191e-05,0.08029582673005811,137912,-14.40034294128418,0.20379100739955902,0.31341364692071805,163.9439234492138,25.564138714841544,0.0,137.2751773512745,0.9022628664970398,155.28794638812542,0,,,,,,,,,,,,,,,,,,,,,,,,,,,,,,,,,,,,,,,,
0.010570190846920013,9.970337755926612e-05,0.188,139258,-14.408061981201172,0.15838545560836792,0.2861458705671049,167.25929488682365,21.535511414601135,38.249999999999964,385.43848765389026,0.6384796500205994,402.56924259569496,0,,,,,,,,,,,,,,,,,,,,,,,,,,,,,,,,,,,,,,,,
,,,,,,,,,,,,,,621.23,0.19453810155391693,4658,149259,428,19,166.08646975,,,,,,,,,,,,,,,,,,,,,,,,,,,,,,,,,
0.01057389099150896,9.970205500076503e-05,0.16565533980582525,139924,-15.344507217407227,0.15770509839057922,0.3349918309202889,203.5722288638977,31.69908612282416,0.6,223.4395512238327,0.9136394262313843,293.385945443064,0,,,,,,,,,,,,,,,,,,,,,,,,,,,,,,,,,,,,,,,,
0.010579630732536316,9.970190606454918e-05,,139999,-14.546507835388184,0.2500390410423279,,,,,,-1.0082710981369019,,,,,,,,,,0.08517156541347504,0.6280794143676758,19.681169509887695,0.03594038635492325,0.4487808048725128,0.020458806306123734,0.23429271578788757,37.72069549560547,7.727835655212402,0.45379287004470825,0.7272933125495911,0.007820770144462585,8.819936752319336,0.21163664758205414,0.9838265180587769,15.942597389221191,21.82206916809082,0.16070139408111572,0.47503432631492615,19.5599308013916,3.3422799110412598,0.7267822027206421,21.788074493408203,0.10341309756040573,3.7605576515197754,30.203189849853516,7.920538425445557,0.0782013013958931,0.4067513942718506,0.405620276927948,1.5299571752548218,0.3315284848213196,0.09484302997589111
0.010587205179035664,9.970024990136307e-05,0.14799672935404742,140833,-14.632486343383789,0.26135486364364624,0.3207730077405788,182.20751461915359,27.871793010598346,17.20000000000011,291.9034370439267,-0.9922199249267578,351.84577737399377,0,,,,,,,,,,,,,,,,,,,,,,,,,,,,,,,,,,,,,,,,
0.010579004883766174,9.970006720794938e-05,0.016029593094944512,140925,-15.431447982788086,0.18418914079666138,-0.011642847439211984,8.455685328702085,20.546189204409703,0.35,-1.0827848118467145,0.14078283309936523,26.346004727762192,0,,,,,,,,,,,,,,,,,,,,,,,,,,,,,,,,,,,,,,,,
0.01055634394288063,9.969954692980164e-05,0.057390362750406064,141187,-14.858786582946777,0.17431560158729553,0.2367032750574647,32.724015617746176,28.93943869977187,8.399999999999984,62.25296134011322,-0.5088569521903992,105.47043633414432,0,,,,,,,,,,,,,,,,,,,,,,,,,,,,,,,,,,,,,,,,
,,,,,,,,,,,,,,595.44,0.19423191249370575,4760,151188,432,19,161.2132566,,,,,,,,,,,,,,,,,,,,,,,,,,,,,,,,,
0.010525042191147804,9.969822638261406e-05,0.12160468031759299,141852,-14.912144660949707,0.3888879418373108,0.34189586404956473,147.78936555866505,32.53951287451965,7.199999999999982,227.7026454570101,2.3145885467529297,300.7310276813805,0,,,,,,,,,,,,,,,,,,,,,,,,,,,,,,,,,,,,,,,,
0.010463181883096695,9.969312299715956e-05,0.3464343598055105,144422,-14.627684593200684,0.1827946901321411,0.26995837364666153,501.8203778027148,23.343549684710464,0.0,694.0629786455668,0.35498619079589844,833.1088909674436,0,,,,,,,,,,,,,,,,,,,,,,,,,,,,,,,,,,,,,,,,
0.010459699667990208,9.969263649450523e-05,0.061885482938114515,144667,-14.842853546142578,0.2020471692085266,0.38583125675836544,49.77062503734507,31.101528762071677,0.0,94.9144891625579,1.3533763885498047,106.04364493303001,0,,,,,,,,,,,,,,,,,,,,,,,,,,,,,,,,,,,,,,,,
0.010477800853550434,9.96924061508075e-05,0.009376465072667605,144783,-15.469740867614746,0.13623912632465363,-0.051328955060665586,0.0,13.185635639523971,0.0,-6.005487742097873,-2.3902053833007812,21.203995946154464,0,,,,,,,,,,,,,,,,,,,,,,,,,,,,,,,,,,,,,,,,
,,,,,,,,,,,,,,605.42,0.19356821477413177,4936,154784,436,19,165.99665874000002,,,,,,,,,,,,,,,,,,,,,,,,,,,,,,,,,
0.010482913814485073,9.969176674987578e-05,0.06552863436123348,145105,-14.579328536987305,0.14840582013130188,0.269106448683311,108.2590188844854,26.358900736435768,0.7000000000000001,86.92138292470946,1.3299294710159302,118.01745655573905,0,,,,,,,,,,,,,,,,,,,,,,,,,,,,,,,,,,,,,,,,
0.01047347579151392,9.969048199709129e-05,0.09587155963302753,145752,-14.937801361083984,0.19231247901916504,0.31771869298207617,0.0,21.036185357657534,32.3500000000003,205.88171305238535,1.0636564493179321,189.04009019210935,0,,,,,,,,,,,,,,,,,,,,,,,,,,,,,,,,,,,,,,,,
0.010405526496469975,9.96877953616691e-05,0.3287904599659284,147105,-14.565589904785156,0.23432500660419464,0.3794453656197092,263.73802922697195,29.383770611023895,23.6000000000002,513.7690250490863,-0.23702996969223022,552.264959288761,1,,,,,,,,,,,,,,,,,,,,,,,,,,,,,,,,,,,,,,,,
