custom/total_reward,custom/avg_speed,custom/mean_reward,custom/routes_completed,custom/total_distance,rollout/ep_len_mean,rollout/ep_rew_mean,time/fps,time/time_elapsed,time/total_timesteps,train/std,time/episodes,train/actor_loss,train/n_updates,train/critic_loss,train/ent_coef,train/learning_rate,train/ent_coef_loss
9.188879238625393,10.591967253059066,0.13714745132276707,0.023529411764705882,9.702526851557195,,,,,,,,,,,,,
25.611363950671638,18.718663670352495,0.23496664174928109,0.07389162561576355,28.115182971581817,,,,,,,,,,,,,
24.116744702613722,22.241512190070534,0.16864856435394213,0.06304985337243402,43.90325954044238,,,,,,,,,,,,,
13.054766660284454,12.64814046067537,0.14834962113959607,0.03522504892367906,15.261667975690216,,,,,,,,,,,,,
,,,,,100.75,17.81653875,27,14,403,0.04978706315159798,4,,,,,,
-1.2227263880116919,10.501114704937722,-0.021081489448477445,0.0125,8.255989179480821,,,,,,,,,,,,,
2.4554860286513396,11.68134608525628,0.03777670813309753,0.016366612111292964,10.362982418388128,,,,,,,,,,,,,
7.154547781798751,11.336051978759926,0.11006996587382693,0.024271844660194174,10.05965719372034,,,,,,,,,,,,,
1.6290413813016347,10.182570715329806,0.023956490901494626,0.020833333333333332,9.463688848540187,,,,,,,,,,,,,
,,,,,81.875,10.072113125,25,25,655,0.04978706315159798,8,,,,,,
16.04997425480354,10.11906405465917,0.17637334345937958,0.02733485193621868,12.620241119526327,,,,,,,,,,,,,
32.2560824958157,18.0342889192039,0.31316584947393883,0.04868913857677903,25.567118633538485,,,,,,,,,,,,,
-0.7219991310723763,10.279449887589553,-0.011460303667815497,0.017509727626459144,8.837676228489727,,,,,,,,,,,,,
12.001713133779553,16.01786647136163,0.11216554330635096,0.03986135181975736,23.568826363421977,,,,,,,,,,,,,
,,,,,84.58333333333333,11.621422916666667,26,37,1015,0.04978706315159798,12,,,,,,
-0.2448724645737741,9.236231322145207,-0.0038261322589652202,0.012307692307692308,8.046496249968186,,,,,,,,,,,,,
4.364045024677463,8.967517651459682,0.06927055594726131,0.013490725126475547,7.768358101136982,,,,,,,,,,,,,
1.2149569514439182,11.193444088092704,0.01991732707285112,0.019693654266958426,9.324434664100409,,,,,,,,,,,,,
-1.6247568384330595,8.7977644997031,-0.031245323816020375,0.008708272859216255,6.184608716517687,,,,,,,,,,,,,
,,,,,78.1875,8.9038031875,25,48,1251,0.04978706315159798,16,,,,,,
16.562862346757903,12.942394724978532,0.2151021083994533,0.027944111776447105,13.673358738888055,,,,,,,,,,,,,
9.007600041548304,12.31428524145888,0.10008444490609227,0.03529411764705882,15.183912888169289,,,,,,,,,,,,,
11.884512333571479,12.114762100248878,0.17477224019958057,0.0176,11.240853048628196,,,,,,,,,,,,,
29.700808755542653,17.187295282196633,0.3126400921636069,0.046511627906976744,22.44574181176722,,,,,,,,,,,,,
,,,,,78.85,10.4455517,26,59,1577,0.04978706315159798,20,,,,,,
-1.753937390681072,6.496979399081317,-0.04176041406383505,0.009925558312655087,3.7295764181762934,,,,,,,,,,,,,
1.7698631220967904,10.312046372696166,0.029014149542570335,0.023157894736842106,8.588778370700311,,,,,,,,,,,,,
-1.0924222016973797,9.872023379358364,-0.017908560683563602,0.017699115044247787,8.208842537482269,,,,,,,,,,,,,
-0.23670353090108343,10.745841942661611,-0.0038177988855013457,0.01487603305785124,9.228449687361717,,,,,,,,,,,,,
,,,,,74.95833333333333,8.620509833333331,26,68,1799,0.04978706315159798,24,,,,,,
4.589081608526417,11.201733722498574,0.06953153952312753,0.019880715705765408,10.091715193819255,,,,,,,,,,,,,
20.35577983635515,18.282474177524993,0.1475056509880808,0.08641975308641975,34.82099977880716,,,,,,,,,,,,,
-0.9895239953530446,12.343961837080938,-0.01832451843246379,0.016728624535315983,9.070146378828213,,,,,,,,,,,,,
37.00469522025946,16.253608809048178,0.373784800204641,0.03942652329749104,22.31555951293558,,,,,,,,,,,,,
,,,,,76.85714285714286,9.5409525,26,81,2152,0.04978706315159798,28,,,,,,
2.7657195486401545,17.351442464233184,0.027657195486401543,0.04938271604938271,23.856552893295884,,,,,,,,,,,,,
-3.1434172465646952,9.829709973801975,-0.06548785930343115,0.00821917808219178,6.38895150157623,,,,,,,,,,,,,
39.22424470305835,14.960272509959387,0.37004004436847504,0.054455445544554455,21.853422060143203,,,,,,,,,,,,,
26.708272519316665,16.74367520168349,0.24503002311299693,0.05543710021321962,25.08614513464272,,,,,,,,,,,,,
,,,,,78.46875,10.374871624999999,26,94,2511,0.04978706315159798,32,,,,,,
6.972352848365723,18.308259701967533,0.06516217615295068,0.04701627486437613,26.959007874014787,,,,,,,,,,,,,
11.150396806956419,17.586256605377535,0.10420931595286373,0.06403940886699508,25.909168456448242,,,,,,,,,,,,,
3.8295889359024304,11.414186776605604,0.06602739544659363,0.016129032258064516,9.013349166605622,,,,,,,,,,,,,
14.422733517265115,13.661999628253676,0.15343333529005443,0.024657534246575342,17.606155135203153,,,,,,,,,,,,,
,,,,,79.80555555555556,10.212926861111109,27,106,2873,0.04978706315159798,36,,,,,,
3.5271159135623655,10.894515467339062,0.052643521097945754,0.021551724137931036,9.981584772467613,,,,,,,,,,,,,
10.46490884301307,11.232025062548603,0.14739308229595874,0.02576112412177986,10.900478946343355,,,,,,,,,,,,,
9.358419544878476,13.064899760482453,0.11140975648664853,0.02177293934681182,15.068648770451546,,,,,,,,,,,,,
13.843993458737245,13.292206772964427,0.1949858233624964,0.020766773162939296,13.05809490737738,,,,,,,,,,,,,
,,,,,79.05,10.103855124999999,27,116,3162,0.04978706315159798,40,,,,,,
-0.035194758866600395,11.924732387230168,-0.00048881609536945,0.021778584392014518,11.740249156020582,,,,,,,,,,,,,
34.76428717539549,20.18602563693699,0.25010278543449993,0.0609375,38.72445077262819,,,,,,,,,,,,,
16.080356670932847,15.052365711733163,0.1767072161640972,0.03518518518518519,18.82976972614415,,,,,,,,,,,,,
4.016213453799601,10.116373040428606,0.06085171899696365,0.02088167053364269,9.111149238888174,,,,,,,,,,,,,
,,,,,80.13636363636364,10.41532425,26,130,3526,0.04978706315159798,44,,,,,,
7.113575224161771,12.64858524136655,0.09484766965549028,0.030660377358490566,13.063380226260051,,,,,,,,,,,,,
26.484535087449757,14.402529109838568,0.2878753813853234,0.04157043879907621,18.215593970380723,,,,,,,,,,,,,
17.31758338421278,12.429478638339258,0.23090111178950376,0.03225806451612903,12.905315512791276,,,,,,,,,,,,,
-3.089199911718688,9.64587516873233,-0.061783998234373756,0.014388489208633094,6.537538616743404,,,,,,,,,,,,,
,,,,,79.45833333333333,10.529065833333334,26,142,3814,0.04978706315159798,48,,,,,,
15.945259870465968,11.256474007175774,0.22458112493614038,0.026004728132387706,10.980312735540792,,,,,,,,,,,,,
3.7278688077319124,11.411538794787132,0.0465983600966489,0.027777777777777776,12.50970077328384,,,,,,,,,,,,,
0.10808187790744306,13.477967786693572,0.0013180716817980862,0.03260869565217391,15.266066274547484,,,,,,,,,,,,,
-2.533422595339103,9.238892582379554,-0.04967495284978634,0.009433962264150943,6.369732825551182,,,,,,,,,,,,,
,,,,,78.73076923076923,10.037256730769231,26,154,4094,0.04978706315159798,52,,,,,,
38.812730351517835,15.561060483101848,0.36615783350488523,0.04204753199268738,22.746180553920567,,,,,,,,,,,,,
36.151532015219615,16.979928714747146,0.3012627667934968,0.05894736842105263,28.099191521294415,,,,,,,,,,,,,
0.10527512513304238,10.72609627569613,0.001671033732270514,0.01775147928994083,9.219787735491991,,,,,,,,,,,,,
3.46285608543319,13.631517231916828,0.04497215695367779,0.024390243902439025,14.366304261609912,,,,,,,,,,,,,
,,,,,79.57142857142857,10.710073982142857,26,167,4456,0.04978706315159798,56,,,,,,
12.48052736488765,12.060686497328074,0.17578207556179787,0.02301255230125523,11.709737616591156,,,,,,,,,,,,,
12.62622155135271,12.500532868884719,0.17296193905962617,0.027522935779816515,12.492286948952824,,,,,,,,,,,,,
7.081335038752066,11.540628038712127,0.11421508127019461,0.02197802197802198,9.766839312389493,,,,,,,,,,,,,
18.567205486886337,12.605312271801589,0.23502791755552324,0.029914529914529916,13.758413004223257,,,,,,,,,,,,,
,,,,,78.95,10.83023065,26,177,4737,0.04978706315159798,60,,,,,,
16.047164220415024,12.148906276296994,0.21114689763703978,0.03,12.652627124800347,,,,,,,,,,,,,
16.489164673939364,15.317921244365042,0.1735701544625196,0.04640371229698376,19.976792328059673,,,,,,,,,,,,,
15.920825388749424,16.421263228430913,0.160816418068176,0.0410958904109589,22.339135451242328,,,,,,,,,,,,,
25.864680265398825,17.34967578892162,0.24172598378877405,0.040983606557377046,25.556430072989315,,,,,,,,,,,,,
,,,,,79.84375,11.303594921875,26,189,5110,0.04978706315159798,64,,,,,,
6.593914719971668,11.411426584528732,0.1046653130154233,0.02336448598130841,9.818693500943482,,,,,,,,,,,,,
25.902304509701004,17.877082656012387,0.17741304458699317,0.08530805687203792,36.05203598717344,,,,,,,,,,,,,
1.393988100308496,11.302121027155755,0.021121031822856,0.02262443438914027,10.179299998562783,,,,,,,,,,,,,
-2.2022845703578273,9.901651674754024,-0.03441069641184105,0.015625,8.648369662463665,,,,,,,,,,,,,
,,,,,80.07352941176471,11.094299970588235,26,202,5445,0.04978706315159798,68,,,,,,
5.901839698158167,11.264727411468733,0.06706636020634281,0.023140495867768594,13.581469798911712,,,,,,,,,,,,,
-1.0181801101649466,8.969247557613642,-0.020779185921733605,0.01728395061728395,6.004740726202726,,,,,,,,,,,,,
18.180686768562875,17.52228961590908,0.16089103335011393,0.04313099041533546,27.251524926628917,,,,,,,,,,,,,
5.97826927460634,12.104537355769912,0.08189409965214164,0.02181818181818182,12.110642950749025,,,,,,,,,,,,,
,,,,,80.05555555555556,10.871519694444446,26,214,5764,0.04978706315159798,72,,,,,,
20.367596812343493,11.472000019093322,0.2514518124980678,0.027253668763102725,12.832468680106103,,,,,,,,,,,,,
7.137533085219456,12.753115698888282,0.08811769241011674,0.030878859857482184,14.18156305490993,,,,,,,,,,,,,
24.68342178862671,15.417951128620405,0.2742602420958523,0.03518518518518519,19.058373916894197,,,,,,,,,,,,,
8.557138032240662,12.527867375105028,0.1277184780931442,0.018612521150592216,11.474565924145281,,,,,,,,,,,,,
,,,,,79.98684210526316,11.089335631578948,26,226,6079,0.04978706315159798,76,,,,,,
32.852081834465764,17.042564032315624,0.2959647012114033,0.06265060240963856,26.052646081370767,,,,,,,,,,,,,
18.422725888470254,15.381872857418951,0.19809382675774467,0.03316749585406302,19.687857295386493,,,,,,,,,,,,,
-5.702515278436756,6.905680483897086,-0.12133011230716503,0.006369426751592357,4.344604656100273,,,,,,,,,,,,,
10.360909353049411,12.650278460829803,0.1546404381052151,0.016541353383458645,11.586550150066614,,,,,,,,,,,,,
,,,,,79.9125,11.2252138875,26,238,6393,0.04978706315159798,80,,,,,,
11.801872267952994,14.306573778033323,0.14392527156040236,0.031189083820662766,16.100263577420264,,,,,,,,,,,,,
10.00569507399041,17.57986001354883,0.1000569507399041,0.035398230088495575,24.354317858815193,,,,,,,,,,,,,
3.374370867887288,13.052728343273316,0.04686626205399011,0.023722627737226276,12.853568607009947,,,,,,,,,,,,,
11.164432725711762,13.225892260118265,0.15293743459879128,0.029411764705882353,13.33247609809041,,,,,,,,,,,,,
,,,,,79.95238095238095,11.114974797619046,26,249,6716,0.04978706315159798,84,,,,,,
12.972282905814765,11.286301607832625,0.15629256513029838,0.03225806451612903,12.847049142234027,,,,,,,,,,,,,
-0.5589142451261733,9.497987345863438,-0.010162077184112241,0.014925373134328358,7.076780759962276,,,,,,,,,,,,,
35.79580036379543,19.890276910418507,0.2485819469708016,0.09375,39.514333115716,,,,,,,,,,,,,
0.9475496899830738,9.851785224025507,0.0150404712695726,0.01568627450980392,8.461902938863204,,,,,,,,,,,,,
,,,,,80.19318181818181,11.160329568181817,27,261,7057,0.04978706315159798,88,,,,,,
1.6865618444252384,12.463262835515843,0.02594710529884982,0.022132796780684104,11.071688937488943,,,,,,,,,,,,,
2.397406528908789,9.980668878671464,0.04794813057817578,0.0121765601217656,6.770513954281341,,,,,,,,,,,,,
-2.270013672208985,9.325209417121004,-0.046326809636918063,0.014527845036319613,6.187293673167005,,,,,,,,,,,,,
3.933549011222185,11.237130223629881,0.06344433889068041,0.015228426395939087,9.507814556360245,,,,,,,,,,,,,
,,,,,79.1195652173913,10.729901163043477,26,270,7279,0.04978706315159798,92,,,,,,
7.032122779037088,12.453306300975342,0.09904398280333927,0.01904761904761905,12.072055449709296,,,,,,,,,,,,,
-1.8279000731920458,10.94444822669805,-0.033850001355408256,0.019184652278177457,8.043740689754486,,,,,,,,,,,,,
15.152662626855385,18.069763829924312,0.14161366940986342,0.04355108877721943,26.61474671191536,,,,,,,,,,,,,
22.429322018307687,15.770409081729564,0.16991910619930065,0.06619385342789598,28.715635071042925,,,,,,,,,,,,,
,,,,,79.57291666666667,10.721161614583332,27,282,7639,0.04978706315159798,96,,,,,,
23.511314206831806,14.318035166027805,0.2197319084750636,0.052109181141439205,21.046267135068774,,,,,,,,,,,,,
27.467563639357195,16.69057867939802,0.2774501377712848,0.056790123456790124,22.824164766818285,,,,,,,,,,,,,
14.962284515600032,13.845407314691784,0.18471956192098804,0.0351288056206089,15.375152412801981,,,,,,,,,,,,,
5.838685093419581,18.32631660655994,0.04140911413772753,0.07568807339449542,35.65026104450226,,,,,,,,,,,,,
,,,,,80.63,11.00305763,26,299,8063,0.04978706315159798,100,,,,,,
-2.2142593976427234,8.528365146179063,-0.03752982029902921,0.012433392539964476,6.828996813157573,,,,,,,,,,,,,
1.027617373495291,11.432994634178884,0.016574473766053078,0.014265335235378032,9.68698008544743,,,,,,,,,,,,,
-2.169833857158534,8.395436958494447,-0.0361638976193089,0.011093502377179081,6.84739218294726,,,,,,,,,,,,,
-0.6579747327694285,10.395455943824057,-0.011749548799454081,0.014084507042253521,7.8987386943772435,,,,,,,,,,,,,
,,,,,78.93,10.243195589999997,26,309,8296,0.04978706315159798,104,,,,,,
14.135421947086982,13.117961046127586,0.20193459924409973,0.027972027972027972,12.585160199552774,,,,,,,,,,,,,
1.3054724253234156,9.76290995589311,0.02212665127666806,0.01904761904761905,7.841164030105574,,,,,,,,,,,,,
6.271445861950955,11.379340221593436,0.10281058790083533,0.016666666666666666,9.472540808375925,,,,,,,,,,,,,
17.130763747771464,14.741737383071944,0.203937663663946,0.04028436018957346,17.001937571913004,,,,,,,,,,,,,
,,,,,79.11,10.531463159999996,26,322,8566,0.04978706315159798,108,,,,,,
11.00318838519036,16.893148290066033,0.10188137393694777,0.047151277013752456,25.089089469984174,,,,,,,,,,,,,
15.976913255979493,14.228722509366168,0.15511566267941257,0.04477611940298507,20.151723382427008,,,,,,,,,,,,,
20.495081891656177,14.781598466258513,0.2180327860814487,0.04318181818181818,19.07930046878755,,,,,,,,,,,,,
3.7484880233954208,7.853268113463699,0.0734997651646161,0.010889292196007259,5.53450645878911,,,,,,,,,,,,,
,,,,,79.03,10.447842169999996,26,335,8918,0.04978706315159798,112,,,,,,
4.65015063768735,10.62965607482064,0.07381191488392619,0.025,9.14987909962656,,,,,,,,,,,,,
23.524165906511364,13.098685625881219,0.2556974555055583,0.025039123630672927,16.56179723329842,,,,,,,,,,,,,
10.790412052512348,15.807997897750962,0.09991122270844767,0.031029619181946404,23.49323117127642,,,,,,,,,,,,,
-1.3903138634822287,10.916520440565982,-0.024391471289161908,0.015444015444015444,8.486838365904987,,,,,,,,,,,,,
,,,,,79.83,10.78649258,26,346,9234,0.04978706315159798,116,,,,,,
15.611779168002528,14.964461085169301,0.16094617698971678,0.03389830508474576,20.106088807806373,,,,,,,,,,,,,
14.085676902657546,15.104915843946117,0.18780902536876729,0.024311183144246355,15.535880873911083,,,,,,,,,,,,,
3.105016111405922,11.390802947961834,0.04312522376952669,0.025540275049115914,11.23291443195194,,,,,,,,,,,,,
18.58062447598545,12.076997361046786,0.24448190099980854,0.025896414342629483,12.592579583404586,,,,,,,,,,,,,
,,,,,79.73,10.628765739999999,26,357,9550,0.04978706315159798,120,,,,,,
-3.8517238804590344,8.446169666172567,-0.08024424750956322,0.014492753623188406,5.4559498097223695,,,,,,,,,,,,,
11.357959233085982,18.13326893848376,0.1032541748462362,0.06318082788671024,27.491814609777066,,,,,,,,,,,,,
6.273385701039334,16.080628019720635,0.060906657291644024,0.03914590747330961,22.748918034136295,,,,,,,,,,,,,
22.96064227310103,18.203865892386744,0.20685263309100027,0.04900181488203267,27.81073128571734,,,,,,,,,,,,,
,,,,,81.19,11.00930035,26,371,9918,0.04978706315159798,124,,,,,,
-3.0920135111318228,8.159672721327627,-0.06721768502460485,0.011961722488038277,5.054951092402916,,,,,,,,,,,,,
6.609480265432367,11.14623362119922,0.10660452041019947,0.019189765458422176,9.41259382199496,,,,,,,,,,,,,
5.632739764583976,9.031807491144738,0.06786433451305995,0.019193857965451054,10.268565876409411,,,,,,,,-2.573661121798068,64,2.214167894795537,0.9973458033055067,8.521325380165681e-05,-0.008219107369086487
-6.22972559110622,1.8035697814256826,-0.04019177800713691,0.0072992700729927005,3.655525333248079,,,,,,,,-7.220971561968327,256,2.585692432243377,0.9807355497032404,8.494227995266271e-05,-0.06357404426671565
,,,,,81.08,10.428904819999998,26,385,10260,0.04981565847992897,128,,,,,,
-7.178349992706586,8.711625313301345,-0.24752931009333057,0.005272407732864675,3.27966495603323,,,,,,,,,,,,,
1.7364868949846244,17.48816296836403,0.029431981270925837,0.03111111111111111,14.055004073306918,,,,,,,,-8.418648764491081,320,2.455052343895659,0.9753381656482816,8.485205179834318e-05,-0.08214778429828584
0.8309180964494587,13.94606289437763,0.014083357566939977,0.020560747663551402,11.192715303972363,,,,,,,,-9.93270456790924,384,2.2664125422015786,0.9699557097628713,8.476187187502958e-05,-0.10323213879019022
-2.508515903351878,12.913906173211213,-0.04400905093599786,0.01717557251908397,9.952161249704659,,,,,,,,-10.969679534435272,448,2.5551775502972305,0.9645986976101995,8.46717401827219e-05,-0.11943151091691107
,,,,,79.49,9.702162,26,394,10460,0.04982304945588112,132,,,,,,
-6.751809699865071,0.7565379421892477,-0.03689513497194028,0.004484304932735426,1.8101280517876148,,,,,,,,-14.092032983899117,640,2.5703410087153316,0.948941171169281,8.440163449183434e-05,-0.17280078027397394
-6.209679275181724,8.774172336183957,-0.19405247734942888,0.004665629860031105,3.6844753096811473,,,,,,,,,,,,,
0.91770683355149,15.245208796011713,0.019950148555467173,0.019522776572668113,9.459494534879923,,,,,,,,-14.992680549621582,704,2.1576662780717015,0.9438943965360522,8.43116957235503e-05,-0.19031392014585435
-6.122103797734585,10.556956399151884,-0.18006187640395838,0.009779951100244499,4.781833203043789,,,,,,,,,,,,,
,,,,,78.78,9.156752390000001,26,407,10751,0.0498192235827446,136,,,,,,
-4.425991716216078,9.95152757225344,-0.11348696708246354,0.009578544061302681,5.218166892416775,,,,,,,,-15.981389507651329,768,2.080356804654002,0.9388550287112594,8.422180518627221e-05,-0.20895927655510604
-5.033051925947775,11.446242650009424,-0.11438754377154034,0.013888888888888888,6.795524798333645,,,,,,,,-16.812943264842033,832,2.3044800562784076,0.9338301736861467,8.413196288000001e-05,-0.22783476766198874
0.03547411711083903,13.466800172306884,0.0007547684491667879,0.019184652278177457,8.582420886028558,,,,,,,,,,,,,
-7.353594335357959,2.797542480151427,-0.0799303732104126,0.004464285714285714,3.3066287580877542,,,,,,,,-18.438804805278778,960,2.002427600324154,0.923772344365716,8.395242296047338e-05,-0.2639760042075068
,,,,,78.07,8.61703637,26,418,10969,0.04981760308146477,140,,,,,,
-7.490661054376515,8.963784543423651,-0.258298657047466,0.004405286343612335,3.335493551567197,,,,,,,,,,,,,
-0.7334401997346127,28.542775473728874,-0.009284053161197629,0.055062166962699825,30.93409821530804,,,,,,,,-19.803579032421112,1088,2.170396627858281,0.9138339012861252,8.377307596497042e-05,-0.30355123500339687
-5.552966236634912,9.726025393040437,-0.13543820089353445,0.01072961373390558,5.367797830142081,,,,,,,,,,,,,
-6.32232541997419,7.620263530776201,-0.1756201505548386,0.006263048016701462,3.5732087660580873,,,,,,,,-20.18138912320137,1152,2.223686268553138,0.9089622059836984,8.368347481372782e-05,-0.3107830414082855
,,,,,76.24,7.86778584,26,427,11150,0.04981956630945206,144,,,,,,
-7.620081723078822,7.054831022004056,-0.2177166206593949,0.004282655246252677,3.1677115495549515,,,,,,,,,,,,,
-7.130614442038395,7.44441576191282,-0.19271930924428093,0.006787330316742082,3.6213857415132225,,,,,,,,-20.77446284890175,1216,2.139236961491406,0.9041804578155279,8.359392189349112e-05,-0.3291376195847988
-6.596267487145777,6.319300955916948,-0.1403461167477825,0.006048387096774193,3.930820792214945,,,,,,,,-21.229937076568604,1280,2.093775160610676,0.8994322624057531,8.350441720426036e-05,-0.3508200868964195
-6.712076745913277,8.887862737809849,-0.2097523983097899,0.007425742574257425,3.7287966108415276,,,,,,,,,,,,,
,,,,,74.83,7.108930520000002,25,435,11297,0.049821313470602036,148,,,,,,
-6.534619210575228,9.054198699284656,-0.21079416808307186,0.006276150627615063,3.6657936489209533,,,,,,,,,,,,,
-6.658023869990766,8.3001219538855,-0.21477496354808923,0.007159904534606206,3.4018678395077586,,,,,,,,-21.729283958673477,1344,1.8928367998450994,0.8946875771507621,8.341496074603551e-05,-0.36592725152149796
-6.098436453233015,6.549433576218381,-0.22586801678640797,0.002824858757062147,2.3438258874230087,,,,,,,,,,,,,
-7.016933737764624,6.937832353406747,-0.2598864347320231,0.0035714285714285713,2.481355238240212,,,,,,,,-22.148475259542465,1408,1.9867234230041504,0.8900064071640372,8.332555251881658e-05,-0.37782333861105144
,,,,,73.15,6.673372519999999,25,443,11409,0.049820467829704285,152,,,,,,
-7.181192655661924,5.314220679189992,-0.29921636065258017,0.00392156862745098,1.6106442352756858,,,,,,,,,,,,,
-7.001341360196486,5.895944362907218,-0.2917225566748536,0.0035398230088495575,1.8965739842969924,,,,,,,,,,,,,
3.116491631597304,23.321795069186777,0.04721957017571673,0.0430327868852459,21.06566208600998,,,,,,,,-22.7901508808136,1472,2.4073856696486473,0.8852897128090262,8.323619252260355e-05,-0.4087766231968999
-7.056820081402373,4.335209627417703,-0.11960712002376904,0.0064794816414686825,3.3775630897325755,,,,,,,,-23.268644839525223,1536,2.0200317688286304,0.8805725956335664,8.314688075739645e-05,-0.4275299543514848
,,,,,71.22,5.7068199800000015,25,452,11578,0.04982380196452141,156,,,,,,
3.6767110073303897,7.307900265162864,0.02941368805864312,0.026200873362445413,12.545700969174504,,,,,,,,-24.213917911052704,1664,2.367574516683817,0.8712010877206922,8.296840192e-05,-0.4669712712056935
63.16200274333062,12.076961592211708,0.37373966120313973,0.045,28.081649870378897,,,,,,,,-25.534579664468765,1856,2.1769741121679544,0.8575278939679265,8.270104539644972e-05,-0.5081598865799606
-6.852302157060665,3.218256024135641,-0.12458731194655755,0.004830917874396135,2.35990505781956,,,,,,,,-25.62959086894989,1920,2.4926373045891523,0.8530742507427931,8.261202301727812e-05,-0.522468701004982
-7.48136331339752,6.957448903117969,-0.28774474282298157,0.003289473684210526,2.3384358331095427,,,,,,,,,,,,,
,,,,,72.12,5.7243175399999995,25,466,11949,0.04982843995094299,160,,,,,,
-7.539135348451882,6.140665394198123,-0.3277884934109514,0.0045662100456621,1.7930304538458586,,,,,,,,-25.9660946726799,1984,2.404252080246806,0.848673309199512,8.252304886911243e-05,-0.524798892904073
-7.4264554396797715,7.511779288582734,-0.22504410423272034,0.005681818181818182,3.2218963354243897,,,,,,,,,,,,,
-7.609083675950586,8.225346431415971,-0.24545431212743826,0.005597014925373134,3.283820259384811,,,,,,,,-26.089767456054688,2048,2.4968984741717577,0.8443798162043095,8.243412295195266e-05,-0.5393114625476301
-7.389527923613848,9.226056379322127,-0.25481130771082233,0.006147540983606557,3.4685744964517653,,,,,,,,,,,,,
,,,,,69.51,4.681457160000001,25,473,12061,0.04982718452811241,164,,,,,,
-7.4603943004705116,9.388385638311851,-0.26644265358823255,0.006160164271047228,3.4026297670789063,,,,,,,,,,,,,
38.71785771176347,15.438984910081933,0.43997565581549397,0.04481132075471698,18.849357556551695,,,,,,,,-26.9004123210907,2176,2.718710443004966,0.8357668425887823,8.225641581065089e-05,-0.5876802867278457
-6.344034023340875,10.305969206093629,-0.18125811495259642,0.010822510822510822,4.812818901613355,,,,,,,,,,,,,
-0.4189427018511669,19.271740870212493,-0.00634761669471465,0.03469387755102041,17.34174615330994,,,,,,,,-26.9736148416996,2240,2.654700605198741,0.831490502692759,8.216763458650888e-05,-0.5833930638618767
,,,,,68.29,4.609522799999999,25,483,12274,0.049823954701423645,168,,,,,,
72.29336235840303,20.76197410471041,0.2065524638811515,0.15160349854227406,100.39100456261076,,,,,,,,-28.3653225004673,2624,2.5833778120577335,0.8068427769467235,8.163596009278106e-05,-0.664981753565371
2.7788543468159155,20.01369442059326,0.056711313200324805,0.01875901875901876,13.3165517677553,,,,,,,,,,,,,
-3.240310559118077,5.250741538874843,-0.03812130069550679,0.010479041916167664,6.005654585082084,,,,,,,,-29.03445664048195,2752,2.573015693575144,0.7988154087215662,8.14591211095858e-05,-0.6918051978573203
8.409894244370651,36.55361261662691,0.09893993228671355,0.1,42.75243177241646,,,,,,,,-29.153826594352722,2816,2.7269794922322035,0.7948779100552201,8.137077396449704e-05,-0.6949288742616773
,,,,,70.75,5.121514609999999,25,504,12839,0.049819331616163254,172,,,,,,
5.44865143281732,13.231856017801764,0.12972979601946,0.019656019656019656,7.609122522408143,,,,,,,,-29.38333821296692,2880,2.7656892370432615,0.7909394884482026,8.12824750504142e-05,-0.7250723764300346
-3.5731666635198716,9.886395206841971,-0.0489474885413681,0.01818181818181818,9.74662238205201,,,,,,,,-29.861659169197083,2944,2.6489448603242636,0.7870310666039586,8.119422436733729e-05,-0.725161706097424
-6.868373569342035,7.049152705060719,-0.15972961789167522,0.009324009324009324,4.017345075728372,,,,,,,,-29.77587127685547,3008,2.7622345127165318,0.7831924417987466,8.110602191526628e-05,-0.7308052685111761
20.68779656851767,21.575478285581433,0.3447966094752945,0.04433497536945813,17.669298196211457,,,,,,,,,,,,,
,,,,,69.74,4.671006789999999,25,515,13053,0.04981875792145729,176,,,,,,
15.2321476302137,33.784360982616455,0.1280012405900311,0.10207939508506617,55.34581385180354,,,,,,,,-30.36798667907715,3136,2.705160528421402,0.7755552148446441,8.092976170414202e-05,-0.7674684785306454
11.841983356112795,22.9001196296706,0.1537919916378285,0.05714285714285714,24.155145788565278,,,,,,,,-30.696466952562332,3200,2.789316413924098,0.7717562532052398,8.084170394508876e-05,-0.7799720587208867
7.5996419442117045,7.881379053393599,0.08084725472565643,0.01996007984031936,10.017882654847199,,,,,,,,-31.286655604839325,3328,2.530251270160079,0.7642733221873641,8.066573312e-05,-0.7927012424916029
98.74841626588737,21.707217347672575,0.26054991099178726,0.2483221476510067,113.4245144748129,,,,,,,,-32.35939082503319,3712,2.856718774884939,0.7421060567721725,8.013897818887575e-05,-0.8903389582410455
,,,,,73.25,5.445896670000001,24,548,13718,0.04981659725308418,180,,,,,,
-6.695206240207818,3.6172533206450495,-0.06762834586068503,0.009746588693957114,4.824401014484465,,,,,,,,-32.60060316324234,3776,3.027114950120449,0.7384622674435377,8.005135450887576e-05,-0.9063581321388483
18.925192973055328,8.468926613451922,0.19116356538439724,0.020872865275142316,11.480803405866027,,,,,,,,-33.08970519900322,3904,2.9264696650207043,0.7312211338430643,7.987625184189348e-05,-0.925163758918643
11.270536573080634,16.11560982687506,0.0860346303288598,0.06864988558352403,28.98361584119891,,,,,,,,-33.32679897546768,4032,2.7381434720009565,0.724028579890728,7.97013420989349e-05,-0.9290378000587225
26.974688034404913,17.494711682386473,0.23456250464699924,0.056962025316455694,27.59232347458601,,,,,,,,-33.878948628902435,4160,2.4905625134706497,0.716993011534214,7.952662528e-05,-0.977588290348649
,,,,,74.42,5.58718508,24,566,14158,0.049817923456430435,184,,,,,,
19.037516255440522,29.78909582166169,0.11004344656324001,0.13806706114398423,71.10758830374107,,,,,,,,-33.9209600687027,4288,2.8002574425190687,0.7099847383797169,7.935210138508877e-05,-1.0279719280079007
73.1375512399821,19.170128150262528,0.33703940663586224,0.11306042884990253,57.44926441158168,,,,,,,,-33.98181915283203,4544,2.549033908173442,0.6962222382426262,7.900363236733729e-05,-1.0664070760831237
14.934206480451575,15.338777775169909,0.07580815472310444,0.1053921568627451,41.63539148494601,,,,,,,,-34.177939653396606,4736,2.3325011786073446,0.6860268572345376,7.87427870295858e-05,-1.0975041538476944
-2.3713698072726563,7.121507907108473,-0.03764079059162947,0.00904977375565611,6.077927238075063,,,,,,,,-34.22110325098038,4800,2.6104090586304665,0.682691877707839,7.865593504568048e-05,-1.1334087187424302
,,,,,77.47,6.142996919999999,24,596,14804,0.049819037318229675,188,,,,,,
-7.445562581038564,6.01539913675998,-0.181599087342404,0.006535947712418301,3.2354871602728963,,,,,,,,,,,,,
5.740431243960732,11.101578634043573,0.032431814937631254,0.06428571428571428,26.915041497675702,,,,,,,,-34.40140759944916,4992,2.4787259194999933,0.6725823571905494,7.839566848000002e-05,-1.1787045113742352
17.492738953560753,17.877657735210956,0.12584704283137232,0.06756756756756757,34.30929539818317,,,,,,,,-34.55973094701767,5120,2.7607517205178738,0.6659423867240548,7.822239859124261e-05,-1.2027183957397938
-1.6903053608548664,9.309581380556155,-0.016903053608548664,0.03209876543209877,12.731104578822851,,,,,,,,-34.586789190769196,5248,2.4592497255653143,0.659504278562963,7.804932162650887e-05,-1.2075885441154242
,,,,,79.78,6.226494909999999,24,617,15257,0.04981807991862297,192,,,,,,
84.1446070511468,16.219967691542177,0.3790297614916523,0.11374407582938388,49.81376523710787,,,,,,,,-34.53167414665222,5440,2.1355678495019674,0.6499012792482972,7.779006791195267e-05,-1.2473812494426966
40.14226318471311,26.27259957391276,0.14812643241591553,0.23832923832923833,98.39764138311148,,,,,,,,-34.28566613793373,5760,2.2523370552808046,0.6341111976653337,7.735894300781065e-05,-1.3332325723022223
6.348308336895791,13.41746500060585,0.08035833337842772,0.03341288782816229,14.482695128303021,,,,,,,,-34.02092844247818,5824,2.4398114662617445,0.6310251597315073,7.727286272e-05,-1.3682771120220423
-3.7831781697764173,21.4958276773765,-0.07566356339552835,0.035211267605633804,14.604308231268078,,,,,,,,-34.115640223026276,5888,2.273248977959156,0.6279205055907369,7.718683066319527e-05,-1.392192903906107
,,,,,82.36,7.067152850000001,24,638,15875,0.04982893913984299,196,,,,,,
39.83739091474981,27.48703820469512,0.3319782576229151,0.09513742071881606,45.38198688440025,,,,,,,,-34.06398057937622,5952,2.370038766413927,0.6248589120805264,7.710084683739645e-05,-1.3714949991554022
17.89890485191779,11.263750796090255,0.12093854629674183,0.039316239316239315,23.021268509328365,,,,,,,,-34.10957610607147,6144,1.874508811160922,0.6158056827262044,7.684318474603551e-05,-1.4452242590487003
15.594318348881014,16.15292383307976,0.1006085054766517,0.07981220657276995,34.55058682151139,,,,,,,,-34.040282130241394,6272,2.115267226472497,0.6097903056070209,7.667165117349114e-05,-1.4241593182086945
27.611634735068527,30.334546115208827,0.27338252212939135,0.0499359795134443,42.145107676275074,,,,,,,,-33.48460280895233,6400,2.1947773285210133,0.6039552669972181,7.650031052497043e-05,-1.4876529593020678
,,,,,83.32,7.358776860000001,24,660,16395,0.04983215406537056,200,,,,,,
61.74910818250419,25.906228859734128,0.229550588039049,0.15309446254071662,96.50512428232469,,,,,,,,-33.208063542842865,6656,2.0721598248928785,0.5924446610733867,7.615820800000001e-05,-1.5143536068499088
-6.581167942078414,18.240382692528417,-0.10283074909497522,0.027944111776447105,15.950126634910703,,,,,,,,-33.19537362456322,6720,2.181861501187086,0.5896109379827976,7.607280294627219e-05,-1.5427866838872433
-4.958479569936501,7.366708453235158,-0.05219452178880528,0.03255813953488372,9.531212615896948,,,,,,,,-33.16696700453758,6784,1.9597090482711792,0.5867849588394165,7.598744612355031e-05,-1.570095557719469
47.78837413319999,17.719688402798383,0.3043845486191082,0.09268292682926829,38.388715707696974,,,,,,,,-33.10165560245514,6976,1.9510685373097658,0.5784281147643924,7.573166504142014e-05,-1.6109815519303083
,,,,,86.8,8.378899690000003,24,683,16976,0.04984050989151001,204,,,,,,
8.913647548151374,16.782507353251667,0.04571101306744294,0.07614213197969544,45.14063140749931,,,,,,,,-32.89060667157173,7168,1.9226615633815527,0.570179209113121,7.547631803834319e-05,-1.6363286152482033
96.11134759371335,14.150191752714086,0.17411476013353866,0.22111553784860558,107.9114745168481,,,,,,,,-32.44659781455994,7680,1.7452354030683637,0.5490827215835452,7.479751486106507e-05,-1.722208658233285
16.939662699257692,14.146948198991954,0.10858758140549803,0.06628787878787878,30.32699634321034,,,,,,,,-32.37816870212555,7872,1.7210564529523253,0.5413678335025907,7.454375948118344e-05,-1.7865866925567389
186.61466772975592,22.18637019709738,0.2732279176131126,0.5325301204819277,209.95109089137986,,,,,,,,-31.53111171722412,8512,1.562973439693451,0.5166122140362859,7.370104323029587e-05,-1.895870242267847
,,,,,99.92,11.076261890000001,24,742,18558,0.04985307157039642,208,,,,,,
123.37601420908106,17.614061268837293,0.25703336293558554,0.21081081081081082,117.03584929928184,,,,,,,,-31.087416112422943,9024,1.3966256501153111,0.49781076004728675,7.303034286201184e-05,-1.9484756514430046
47.281041923500695,20.174448480746562,0.24625542668489944,0.12471131639722864,53.569492059759796,,,,,,,,-30.857929825782776,9216,1.7206245735287666,0.49106823513284326,7.277962603550297e-05,-2.0175659600645304
1.9818131717489216,13.612616643525909,0.01693857411751215,0.04564315352697095,21.937521670013666,,,,,,,,-30.5670508146286,9344,1.5354576874524355,0.4866288285702467,7.261272263952663e-05,-2.05520005710423
84.38227452610776,22.233559951902617,0.3348502957385229,0.1412639405204461,77.49389940779656,,,,,,,,-30.210594713687897,9600,1.7972271665930748,0.47783191967755556,7.227949461964497e-05,-2.097528014332056
,,,,,106.77,13.134236630000002,24,783,19595,0.04985972121357918,212,,,,,,
171.30012340114703,20.52688089633412,0.2568217742146132,0.486810551558753,189.68059388035908,,,,,,,,-29.74884819984436,10240,1.4985546404495835,0.4565167757682502,7.144980074035503e-05,-2.2504756804555655
36.911743958067554,18.5386806528189,0.13570494102230718,0.16267942583732056,69.53769367095083,,,,,,,,-29.365396410226822,10496,1.4028265569359064,0.44838582491502166,7.111927365680474e-05,-2.2994075678288937
122.4701767783178,26.121935875582942,0.539516197261312,0.18850574712643678,82.17233746219426,,,,,,,,-29.130086332559586,10752,1.6334823267534375,0.4404074791818857,7.078951826934911e-05,-2.3903530929237604
1.381474430221255,16.724345016846897,0.012012821132358738,0.05521472392638037,26.48601662553847,,,,,,,,-29.204779654741287,10880,1.4426281116902828,0.4365323418751359,7.062492996165681e-05,-2.38106769323349
,,,,,116.38,16.079127659999997,25,827,20872,0.04986598715186119,216,,,,,,
74.57614991162167,18.8198222248339,0.2741770217339032,0.1314878892733564,70.64367197858519,,,,,,,,-28.96257609128952,11136,1.4918814096599817,0.42888674326241016,7.02963321183432e-05,-2.3999997787177563
32.39745193028736,27.223277337487144,0.12318422787181506,0.22608695652173913,99.09213065495715,,,,,,,,-28.63898977637291,11392,1.3926579905673862,0.42134066205471754,6.996850597112426e-05,-2.464418714866042
293.6466491941193,25.046904740699716,0.33869279030463584,0.6748878923766816,300.9200288267748,,,,,,,,-27.88409823179245,12224,1.3394915219396353,0.3981669214554131,6.890840051881657e-05,-2.6357158087193966
34.98036245113209,22.123389327894756,0.22714521072163693,0.09195402298850575,47.06908739358187,,,,,,,,-27.689555674791336,12416,1.4010564349591732,0.39303272776305676,6.866491834319528e-05,-2.6565337125211954
,,,,,128.74,19.9213028,25,896,22424,0.04988978058099747,220,,,,,,
5.310221278228651,23.53531995217638,0.044623708220408835,0.10344827586206896,38.571555386530235,,,,,,,,-27.708032459020615,12544,1.3565079802647233,0.389621224720031,6.850283804781066e-05,-2.719305496662855
68.12068145823564,34.36311047036024,0.2630142141244619,0.2971014492753623,123.1871979618445,,,,,,,,-27.419717252254486,12800,1.236473796889186,0.38292504008859396,6.817925622911243e-05,-2.6955862008035183
292.43693089269965,22.50312826956454,0.3120991791811096,0.7274939172749392,292.195867754519,,,,,,,,-27.081201136112213,13696,1.1589760249480605,0.3607167727313936,6.70527969704142e-05,-2.8869895711541176
356.98410561506876,23.2976202389831,0.28309603934581185,0.7422145328719724,407.0672074807808,,,,,,,,-26.555487632751465,14976,1.0898462673649192,0.3317333683371544,6.545996800000002e-05,-3.0836721807718277
,,,,,150.78,26.78241958,25,987,24996,0.04989112168550491,224,,,,,,
104.05753132111977,23.202561253581212,0.2709831544820827,0.18351477449455678,123.07215485163033,,,,,,,,-26.081899851560593,15360,1.1625647470355034,0.32367474865168333,6.498588132733728e-05,-3.2443965189158916
148.92935617751,25.984277557003942,0.4025117734527297,0.33906633906633904,133.22535371221602,,,,,,,,-25.95884719491005,15744,1.1412283275276423,0.31582675175741315,6.451353097088756e-05,-3.132275503128767
-7.6011032982157705,5.807543228604923,-0.18097864995751833,0.005136986301369863,3.209329837700352,,,,,,,,,,,,,
217.81257864588468,17.736538586036083,0.317974567366255,0.35157894736842105,168.41082879714668,,,,,,,,-25.78576323390007,16448,1.1004973063245416,0.30215392680838704,6.36520649164497e-05,-3.3425649851560593
,,,,,162.13,31.385198410000008,25,1040,26473,0.04989565163850784,228,,,,,,
0.7023458408240408,29.912752131328613,0.005852882006867007,0.10097087378640776,49.56390079297125,,,,,,,,-25.870133846998215,16576,1.1295471154153347,0.29973963741213083,6.349606172781065e-05,-3.328526847064495
42.331000554528266,28.998344316497917,0.17861181668577328,0.22541966426858512,95.06046963762492,,,,,,,,-25.732842981815338,16832,1.129060273990035,0.29501626873388886,6.318463412260356e-05,-3.4052552953362465
170.15747046211524,20.588902114697095,0.39026942766540196,0.2918552036199095,124.35723920259625,,,,,,,,-25.565179973840714,17216,1.025574336759746,0.2880747811868787,6.271893964497043e-05,-3.360948082059622
113.98017014183574,19.28528052449514,0.4400778769955048,0.144,69.04810465463379,,,,,,,,-25.45828679203987,17536,1.0620614346116781,0.2824694332666695,6.23321872662722e-05,-3.3940936625003815
,,,,,170.61,34.72810288000001,25,1083,27521,0.04989560693502426,232,,,,,,
131.35157915028134,19.308956767587564,0.2104993255613483,0.3489795918367347,166.69877111539245,,,,,,,,-25.432944387197495,18112,0.9502277662977576,0.27279336983338,6.163907153798818e-05,-3.5378166176378727
323.74374273403953,26.371593003020138,0.3503720159459302,0.5575079872204473,337.64874764950946,,,,,,,,-24.783355325460434,19072,1.0105249732732773,0.2576103303581476,6.049256023857989e-05,-3.7438981272280216
166.50708199359107,19.161231297201674,0.32206398838218775,0.33488372093023255,137.1673743375577,,,,,,,,-24.765301048755646,19584,0.906852669082582,0.24991596234031022,5.98855247981065e-05,-3.70393755286932
18.454884701006847,12.364453585684021,0.17576080667625568,0.03550295857988166,17.935173213249072,,,,,,,,-24.637121737003326,19648,0.950887767598033,0.24898435943759978,5.980986240757397e-05,-3.7038004621863365
,,,,,189.36,41.31033463,24,1194,29687,0.04990365356206894,236,,,,,,
346.90994275746743,27.75537817853774,0.40574262310814907,0.5665529010238908,328.9498174665496,,,,,,,,-24.305803298950195,20544,0.9503293121233582,0.2363007243257016,5.875565319573966e-05,-3.8415965773165226
278.0643063573444,21.67982497447126,0.3583302916976087,0.3954248366013072,233.34829679876566,,,,,,,,-24.06406468153,21312,0.9036501701921225,0.22607623413205147,5.785956933680474e-05,-3.9376845248043537
-7.202371607362183,3.4706280283921176,-0.14404743214724366,0.00408997955010225,2.3032664827733242,,,,,,,,-24.007431626319885,21376,0.8205639850348234,0.22526543284766376,5.7785209183431946e-05,-3.8634858317673206
532.3371634561246,20.401479177122212,0.4020673440000941,0.5878787878787879,374.21414949011523,,,,,,,,-23.76399776339531,22656,0.8445884650573134,0.209706193767488,5.630813462721893e-05,-4.083896707743406
,,,,,217.19,52.9791967,25,1290,32688,0.0499064177274704,240,,,,,,
284.8513740164091,29.160030891758712,0.38338004578251567,0.4928684627575277,300.52648099604994,,,,,,,,-23.5898300409317,23424,0.7800475284457207,0.20110384630970657,5.543115024662722e-05,-4.152220834046602
521.6558789458726,22.87291574510357,0.4532197036888554,0.9236453201970444,365.1566087771207,,,,,,,,-23.30238762497902,24576,0.8492378913797438,0.18904433236457407,5.412869604733729e-05,-4.2614604495465755
181.6931604774398,33.06290288834961,0.3700471700151523,0.5114678899082569,225.07915281318128,,,,,,,,-23.35416030883789,25024,0.7060127253644168,0.18464418523944914,5.36264062939645e-05,-4.25036196783185
499.4234136034224,26.193227383527258,0.44235909087991354,0.8051181102362205,410.23004820919596,,,,,,,,-23.137101024389267,26176,0.6816935939714313,0.17391407676041126,5.234565604733727e-05,-4.501883056014776
,,,,,250.48,68.05642888,25,1411,36198,0.0499105378985405,244,,,,,,
216.47429945149332,25.80823056857594,0.3921635859628502,0.490521327014218,197.3067034506239,,,,,,,,-23.072093844413757,26752,0.7378087253309786,0.16887223394587636,5.17111409912426e-05,-4.520785346627235
499.8425314816565,19.46160184761528,0.4283140801042472,0.6345381526104418,314.79195369640365,,,,,,,,-22.753705978393555,27904,0.6711877700872719,0.1593900287989527,5.045383101349112e-05,-4.524998087435961
-5.6822275661191135,8.427998464645784,-0.18940758553730377,0.00646551724137931,3.3991574733518064,,,,,,,,,,,,,
588.1318556071809,18.857231186041233,0.5190925468730635,0.6054158607350096,296.07421450759284,,,,,,,,-22.856601417064667,29056,0.6789146098308265,0.15070646721869707,4.92121478816568e-05,-4.731213212013245
,,,,,277.79,81.32468390999999,25,1529,39076,0.049894291907548904,248,,,,,,
2022.862645716821,23.185571991613404,0.5379953844991545,2.1459694989106755,1607.0234878123156,,,,,,,,-22.98548862338066,32832,0.5558191491290927,0.12668049009516835,4.5251743235029596e-05,-4.870600305497646
711.3952602199971,24.375821157082708,0.47489670241655346,1.2718446601941746,564.7775338543579,,,,,,,,-23.05202952027321,34304,0.5815426921471953,0.11887063912581652,4.375333851644971e-05,-4.958214655518532
3887.512501990393,25.198462511753526,0.5867943399230782,4.262331838565022,3000.3981239189743,,,,,,,,-23.846930027008057,40960,0.5592971704900265,0.09157891408540308,3.729646083029586e-05,-5.250193450599909
1886.280593587231,23.73870497407867,0.6144236461196192,1.9081967213114754,1041.0960481734946,,,,,,,,-24.36558899283409,44032,0.5365769565105438,0.08237758988980204,3.4492310146272184e-05,-5.432106163352728
,,,,,426.16,166.66827403,24,2168,54025,0.049862246960401535,252,,,,,,
4914.055608191634,22.903731330809617,0.6568714888640067,4.787746170678337,3000.186093063967,,,,,,,,-25.412983655929565,51520,0.5271920748054981,0.06587516877334565,2.8122742638579897e-05,-4.954046484082937
5222.6058489821135,22.48203669318848,0.6996123039493789,4.12,3000.2273632297292,,,,,,,,-26.461673706769943,58944,0.3942474243231118,0.05513114685891196,2.245940969278106e-05,-4.932371117174625
6125.089512727957,21.516730955345075,0.7319657639493257,4.771367521367521,3000.1752128665685,,,,,,,,-27.614207208156586,67328,0.40693243173882365,0.04721925110789016,1.6844054540118346e-05,-5.220465529710054
6196.923953979303,22.405604143017836,0.7282787582535319,4.649921507064365,3000.277364968788,,,,,,,,-28.29897791147232,75840,0.3895142124965787,0.042099780635908246,1.1989712314319526e-05,-5.020966935902834
,,,,,742.66,391.43625189,23,3690,85844,0.049779266119003296,256,,,,,,
