custom/total_distance,train/actor_loss,terminal/stopped,train/critic_loss,train/n_updates,terminal/off_track,terminal/collision_vehicle,custom/overtake_reward,custom/avg_speed,train/ent_coef_loss,terminal/collision_other,custom/mean_reward,terminal/route_done,train/learning_rate,custom/blocked_time,custom/overtakes,custom/total_reward,train/ent_coef,terminal/too_fast,custom/routes_completed,terminal/solid_line,rollout/ep_len_mean,train/std,time/time_elapsed,time/episodes,rollout/ep_rew_mean,time/total_timesteps,time/fps,attention/steer/route,attention/throttle_share/waypoints,attention/steer_share/cam,attention/steer/lidar,attention/steer/next_angle,attention/steer/maneuver,attention/throttle/maneuver,attention/steer_share/speed,attention/throttle/prev_action,attention/throttle/speed,attention/steer_share/maneuver,attention/steer/waypoints,attention/throttle_share/cam,attention/throttle/route,attention/steer/prev_action,attention/steer_share/next_angle,attention/throttle/lidar,attention/throttle/cam,attention/throttle/sensors,attention/steer/cam,attention/throttle/waypoints,attention/steer_share/lidar,attention/throttle_share/next_angle,attention/steer/speed,attention/steer_share/prev_action,attention/steer/sensors,attention/throttle_share/maneuver,attention/steer_share/waypoints,attention/throttle_share/prev_action,attention/throttle/next_angle,attention/steer_sensors_vs_route,attention/throttle_share/lidar,attention/throttle_share/speed
217.67164593096823,-19.441858291625977,0.0,0.06946787238121033,149384,0.0,0.0,160.65015913366892,39.45615549099507,-0.8961697816848755,0.0,0.379518068778531,0.0,9.968358126901957e-05,0.0,0,151.04819137385533,0.010686266236007214,0.0,0.10575916230366492,1.0,,,,,,,,,,,,,,,,,,,,,,,,,,,,,,,,,,,,,,,,
,,,,,,,,,,,,,,,,,,,,,592.65,0.19244761765003204,20,440,165.52936235,159385,18,,,,,,,,,,,,,,,,,,,,,,,,,,,,,,,,,
100.65261285379529,-18.76827621459961,0.0,0.06692244857549667,149575,0.0,1.0,61.51397048862726,37.83760763139047,0.49467790126800537,0.0,0.25953189339745125,0.0,9.968320238660059e-05,0.0,0,49.83012353231064,0.010648787021636963,0.0,0.06257744733581165,0.0,,,,,,,,,,,,,,,,,,,,,,,,,,,,,,,,,,,,,,,,
,-16.22393035888672,,0.02679184451699257,149999,,,,,-5.918529510498047,,,,9.968236130989032e-05,,,,0.010514557361602783,,,,,,,,,,,0.33760860562324524,4.265875339508057,35.39519119262695,0.37672507762908936,0.018628079444169998,0.048281218856573105,0.021679993718862534,9.661233901977539,0.10383912920951843,0.2121553122997284,2.368154764175415,0.31795674562454224,43.920230865478516,0.05563051998615265,0.3585817813873291,0.9136922955513,0.15364328026771545,0.4247480034828186,0.4661686420440674,0.721626341342926,0.04125484079122543,18.47806167602539,1.0101439952850342,0.19697028398513794,17.588146209716797,0.8394083380699158,2.241776943206787,15.5955228805542,10.73728084564209,0.009768998250365257,2.4863357543945312,15.887181282043457,21.937501907348633
196.3229240695946,-16.266624450683594,0.0,0.03687452897429466,150181,1.0,0.0,3.506170602092878,23.323830720268287,-3.670097827911377,0.0,0.2731730489369627,0.0,9.96820002827737e-05,28.700000000000273,0,165.81604070473637,0.01040177047252655,0.0,0.1275841701122268,0.0,,,,,,,,,,,,,,,,,,,,,,,,,,,,,,,,,,,,,,,,
176.30638400558382,-16.3001708984375,0.0,0.038825780153274536,150470,1.0,0.0,18.969369617305613,43.84554238525846,0.07361477613449097,0.0,0.15867648536185675,0.0,9.968142700480124e-05,2.5999999999999988,0,46.01618075493845,0.010307706892490387,0.0,0.09905397885364496,0.0,,,,,,,,,,,,,,,,,,,,,,,,,,,,,,,,,,,,,,,,
81.62176077626646,-15.169870376586914,0.0,0.26457715034484863,150627,0.0,1.0,5.435709998945026,37.33372563304888,-3.1216278076171875,0.0,-0.05634832571764805,0.0,9.968111557074946e-05,2.000000000000001,0,-8.903035463388392,0.010265161283314228,0.0,0.04270051933064051,0.0,,,,,,,,,,,,,,,,,,,,,,,,,,,,,,,,,,,,,,,,
,,,,,,,,,,,,,,,,,,,,,594.65,0.19252637028694153,85,444,164.719705,160628,19,,,,,,,,,,,,,,,,,,,,,,,,,,,,,,,,,
189.2147177606821,-15.864509582519531,0.0,0.043433625251054764,150953,1.0,0.0,0.0,41.73765409004271,-3.171532154083252,0.0,0.2463897163864025,0.0,9.968046890033109e-05,0.0,0,80.56943725835362,0.010225321166217327,0.0,0.11618004866180048,0.0,,,,,,,,,,,,,,,,,,,,,,,,,,,,,,,,,,,,,,,,
206.15879796631634,-14.3450288772583,0.0,0.06345142424106598,151698,1.0,0.0,8.619911296101586,19.93104937542924,1.418174386024475,0.0,0.3094715921145705,0.0,9.967899108781032e-05,36.150000000000084,0,230.86580771746958,0.01004561223089695,0.0,0.12870159453302962,0.0,,,,,,,,,,,,,,,,,,,,,,,,,,,,,,,,,,,,,,,,
328.2466670270078,-15.368797302246094,0.0,0.0420013964176178,152761,1.0,0.0,123.32877157697146,22.231192139576123,1.9286777973175049,0.0,0.3806730839415498,0.0,9.967688249652421e-05,37.05000000000003,0,405.036161313809,0.009825903922319412,0.0,0.2006880733944954,0.0,,,,,,,,,,,,,,,,,,,,,,,,,,,,,,,,,,,,,,,,
914.9365982166491,-16.212034225463867,0.0,0.04821635037660599,154629,0.0,1.0,274.83376546847893,35.27857127262186,2.4504566192626953,0.0,0.2922237974659845,0.0,9.967317714299947e-05,5.04999999999999,2,546.166277463925,0.009916682727634907,0.0,0.4705,0.0,,,,,,,,,,,,,,,,,,,,,,,,,,,,,,,,,,,,,,,,
,,,,,,,,,,,,,,,,,,,,,616.07,0.1920585334300995,292,448,171.55429117,164630,19,,,,,,,,,,,,,,,,,,,,,,,,,,,,,,,,,
305.2048491695896,-15.936129570007324,0.0,0.041772883385419846,155417,0.0,1.0,0.0,27.876354678074613,2.0740535259246826,0.0,0.07274090163539537,0.0,9.967161409171441e-05,0.05,0,57.39257139032695,0.009979340247809887,0.0,0.19987546699875466,0.0,,,,,,,,,,,,,,,,,,,,,,,,,,,,,,,,,,,,,,,,
377.7963198237121,-15.873022079467773,0.0,0.07413148880004883,156150,0.0,0.0,133.1674469350172,37.10824193033024,1.75392746925354,0.0,0.2208539455631761,0.0,9.96701601477065e-05,3.7499999999999947,1,162.10679604337128,0.010099872015416622,1.0,0.15965626413387607,0.0,,,,,,,,,,,,,,,,,,,,,,,,,,,,,,,,,,,,,,,,
126.22873173840344,-16.4029541015625,0.0,0.11193951964378357,156397,1.0,0.0,77.97651811014487,36.714224437180356,1.32743501663208,0.0,0.29173254365623796,0.0,9.966967021263128e-05,2.3499999999999996,1,72.34967082674702,0.010128645226359367,0.0,0.07645631067961164,0.0,,,,,,,,,,,,,,,,,,,,,,,,,,,,,,,,,,,,,,,,
54.51161959581077,-17.480560302734375,0.0,0.09371979534626007,156531,0.0,1.0,36.35514264138065,29.21120584052176,-4.349705696105957,0.0,0.15043473442616487,0.0,9.966940441840051e-05,0.0,0,20.308689147532256,0.010148354806005955,0.0,0.02220324508966695,0.0,,,,,,,,,,,,,,,,,,,,,,,,,,,,,,,,,,,,,,,,
,,,,,,,,,,,,,,,,,,,,,621.72,0.19194994866847992,393,452,171.76413853000003,166532,19,,,,,,,,,,,,,,,,,,,,,,,,,,,,,,,,,
681.7569912411273,-16.83053207397461,0.0,0.03160983324050903,158392,0.0,0.0,401.02214517401944,26.37736129517738,2.6440701484680176,0.0,0.21435890783199013,0.0,9.966571308907923e-05,0.0,1,399.1362863831656,0.010379469953477383,0.0,0.2673841059602649,1.0,,,,,,,,,,,,,,,,,,,,,,,,,,,,,,,,,,,,,,,,
625.9412692300975,-16.000755310058594,0.0,0.028759542852640152,159884,0.0,1.0,119.57782841087277,30.203439669919568,0.33237770199775696,0.0,0.292106602213179,0.0,9.966275372797933e-05,18.500000000000128,1,436.1151571042763,0.010137327946722507,0.0,0.3601765030336459,0.0,,,,,,,,,,,,,,,,,,,,,,,,,,,,,,,,,,,,,,,,
,-15.696806907653809,,0.062662273645401,159999,,,,,-8.534429550170898,,,,9.966252562892324e-05,,,,0.010128852911293507,,,,,,,,,,,0.5465949773788452,6.678985118865967,28.983564376831055,0.348412424325943,0.018356041982769966,0.07142364233732224,0.0326840803027153,7.93166446685791,0.10201705992221832,0.19665208458900452,3.591681957244873,0.516788899898529,40.23102951049805,0.08472952246665955,0.29951316118240356,0.9230706095695496,0.18416008353233337,0.39439016580581665,0.4436642825603485,0.5763627290725708,0.0654749870300293,17.52062225341797,0.5034050345420837,0.15772786736488342,15.061624526977539,0.6665968894958496,3.3340439796447754,25.987773895263672,10.406576156616211,0.0049349470064044,1.219544529914856,18.785837173461914,20.060123443603516
576.4905018666759,-17.255687713623047,0.0,0.12008395791053772,161150,0.0,1.0,318.17261731959945,32.78005211314322,0.06076668202877045,0.0,0.2624305129889666,0.0,9.966024266934507e-05,1.3500000000000005,2,332.4994599570207,0.009901553392410278,0.0,0.23772609819121446,0.0,,,,,,,,,,,,,,,,,,,,,,,,,,,,,,,,,,,,,,,,
224.71457631979138,-16.50973892211914,0.0,0.06046365574002266,161699,0.0,0.0,80.51043880279212,29.444360076875675,1.1087453365325928,0.0,0.17224687910526573,0.0,9.965915376043654e-05,0.0,0,94.73578350789616,0.009802686981856823,0.0,0.1141602634467618,1.0,,,,,,,,,,,,,,,,,,,,,,,,,,,,,,,,,,,,,,,,
,,,,,,,,,,,,,,,,,,,,,620.11,0.19172850251197815,654,456,169.36550982,171700,19,,,,,,,,,,,,,,,,,,,,,,,,,,,,,,,,,
167.96477511967532,-16.480459213256836,0.0,0.09620852768421173,162032,0.0,1.0,0.0,36.25662788295045,0.8223943114280701,0.0,0.03411784154128202,0.0,9.965849327761823e-05,4.6499999999999915,0,11.395359074788196,0.009701991453766823,0.0,0.08559919436052367,0.0,,,,,,,,,,,,,,,,,,,,,,,,,,,,,,,,,,,,,,,,
107.8725440625567,-15.993027687072754,0.0,0.058925285935401917,162253,0.0,1.0,0.0,35.07430456947461,-0.5462698936462402,0.0,-0.005316135711308167,0.0,9.965805494038559e-05,5.749999999999988,0,-1.1801821279104132,0.009663581848144531,0.0,0.0800794176042356,0.0,,,,,,,,,,,,,,,,,,,,,,,,,,,,,,,,,,,,,,,,
46.37715790304355,-16.456905364990234,0.0,0.07184262573719025,162388,0.0,1.0,34.02384848173124,24.639425185360636,-4.209033489227295,0.0,0.12623731023357998,0.0,9.965778717829935e-05,2.6999999999999984,0,17.168274191766876,0.009647357277572155,0.0,0.029228855721393034,0.0,,,,,,,,,,,,,,,,,,,,,,,,,,,,,,,,,,,,,,,,
323.1252974080853,-15.78948974609375,0.0,0.05852595344185829,163383,0.0,1.0,124.62863661054186,23.38111335705938,-1.9178379774093628,0.0,0.3632943723886889,0.0,9.965581368370442e-05,35.70000000000011,0,361.8411948991341,0.009496909566223621,0.0,0.20151426907396622,0.0,,,,,,,,,,,,,,,,,,,,,,,,,,,,,,,,,,,,,,,,
,,,,,,,,,,,,,,,,,,,,,598.94,0.19150643050670624,742,460,162.80698027,173384,19,,,,,,,,,,,,,,,,,,,,,,,,,,,,,,,,,
37.797624504193664,-16.614137649536133,0.0,0.6788958311080933,163493,1.0,0.0,3.496531255776944,24.63794612751216,0.7934635281562805,0.0,0.2456062682814847,0.0,9.965559550962815e-05,0.7500000000000001,0,27.262295779244802,0.009468432515859604,0.0,0.0220763723150358,0.0,,,,,,,,,,,,,,,,,,,,,,,,,,,,,,,,,,,,,,,,
244.93663957621902,-15.289346694946289,0.0,0.06648491322994232,164146,0.0,1.0,32.45727752574292,26.99571307306458,0.8106833696365356,0.0,0.1808544781355582,0.0,9.965430035391716e-05,18.00000000000012,0,118.27882870065505,0.009333073161542416,0.0,0.14105925537493444,0.0,,,,,,,,,,,,,,,,,,,,,,,,,,,,,,,,,,,,,,,,
51.9440966504626,-16.004426956176758,0.0,0.0812864601612091,164312,0.0,1.0,0.0,22.46844196974385,-0.30947017669677734,0.0,0.1324761055729794,0.0,9.965397111200676e-05,8.299999999999983,0,22.123509630687558,0.009310847148299217,0.0,0.026182820395039046,0.0,,,,,,,,,,,,,,,,,,,,,,,,,,,,,,,,,,,,,,,,
182.73962392192334,-16.23112678527832,0.0,0.043930549174547195,164727,0.0,1.0,90.87218748054305,31.67165246033089,-0.44193628430366516,0.0,0.31595565583050705,0.0,9.965314800962226e-05,5.249999999999989,1,131.43755282549094,0.009268446825444698,0.0,0.08248730964467005,0.0,,,,,,,,,,,,,,,,,,,,,,,,,,,,,,,,,,,,,,,,
,,,,,,,,,,,,,,,,,,,,,608.88,0.19130133092403412,815,464,165.28446248999998,174728,19,,,,,,,,,,,,,,,,,,,,,,,,,,,,,,,,,
135.72775368671864,-14.779470443725586,0.0,0.08827845752239227,165011,0.0,1.0,119.09402079322773,34.3628851464473,1.6695210933685303,0.0,0.3150283080207534,0.0,9.965258473188714e-05,0.0,0,89.78306778591471,0.00920301303267479,0.0,0.056338028169014086,0.0,,,,,,,,,,,,,,,,,,,,,,,,,,,,,,,,,,,,,,,,
1032.3700727410614,-15.91688346862793,0.0,0.04558788985013962,167323,0.0,1.0,211.60903006493982,32.152021688393845,1.1611804962158203,0.0,0.3099188745554759,0.0,9.964799923464388e-05,34.50000000000018,1,716.8423568468157,0.009206832386553288,0.0,0.43884892086330934,0.0,,,,,,,,,,,,,,,,,,,,,,,,,,,,,,,,,,,,,,,,
238.79955680062994,-15.397651672363281,0.0,0.05750838667154312,168149,1.0,0.0,4.092900958502008,20.818395684386214,-0.13175445795059204,0.0,0.40027294820253867,0.0,9.964636101609503e-05,40.14999999999986,0,331.0257281634995,0.009178940206766129,0.0,0.14444444444444443,0.0,,,,,,,,,,,,,,,,,,,,,,,,,,,,,,,,,,,,,,,,
92.65177549258806,-15.380439758300781,0.0,0.048360928893089294,168338,0.0,1.0,44.98736350019695,35.191730744490684,0.22913417220115662,0.0,0.2608890601880278,0.0,9.964598617138061e-05,1.5000000000000007,0,49.56892143572529,0.009192044846713543,0.0,0.047165532879818596,0.0,,,,,,,,,,,,,,,,,,,,,,,,,,,,,,,,,,,,,,,,
,,,,,,,,,,,,,,,,,,,,,624.67,0.19054804742336273,1001,468,171.69409138999995,178339,19,,,,,,,,,,,,,,,,,,,,,,,,,,,,,,,,,
,-15.056156158447266,,0.046361055225133896,169999,,,,,2.964560031890869,,,,9.96426919316435e-05,,,,0.009260627441108227,,,,,,,,,,,0.42190831899642944,5.5558762550354,32.74889373779297,0.38889169692993164,0.017863677814602852,0.07367049902677536,0.0401017963886261,6.857917308807373,0.1151396632194519,0.22434519231319427,3.678974151611328,0.38895246386528015,38.665164947509766,0.08654550462961197,0.3399795591831207,0.8920804858207703,0.20015265047550201,0.4062651991844177,0.4448002576828003,0.655788004398346,0.05837707221508026,19.420562744140625,0.6038804054260254,0.13732799887657166,16.977977752685547,0.770022988319397,3.816577434539795,19.42359733581543,10.958099365234375,0.006345132831484079,1.825095534324646,19.048973083496094,21.35143280029297
1209.5998695110902,-15.491983413696289,0.0,0.03929327428340912,171793,0.0,1.0,27.55939815436378,25.211904371667902,3.7598400115966797,0.0,0.1727534282657246,0.0,9.963913397621013e-05,46.699999999999484,0,597.0358480863442,0.009445185773074627,0.0,0.7339055793991416,0.0,,,,,,,,,,,,,,,,,,,,,,,,,,,,,,,,,,,,,,,,
200.0140188448131,-15.811058044433594,0.0,0.07708404213190079,172323,0.0,1.0,136.41493928153588,27.164884923428584,2.398186206817627,0.0,0.2694117486934979,0.0,9.963808286446939e-05,1.6000000000000008,0,143.05763855624738,0.009509697556495667,0.0,0.08023401587964897,0.0,,,,,,,,,,,,,,,,,,,,,,,,,,,,,,,,,,,,,,,,
1815.529510174878,-15.243840217590332,0.0,0.06808696687221527,176510,0.0,0.0,243.21457033805822,31.2256657039057,1.1596524715423584,0.0,0.31338409396251776,1.0,9.962977927760755e-05,43.44999999999967,1,1312.4525855150243,0.009408412501215935,0.0,1.0,0.0,,,,,,,,,,,,,,,,,,,,,,,,,,,,,,,,,,,,,,,,
260.1917954944074,-16.217823028564453,0.0,0.06001656502485275,177015,0.0,1.0,0.0,37.05187526622275,2.239382266998291,0.0,0.17861962947692275,0.0,9.962877779373723e-05,4.749999999999991,0,90.38153251532292,0.00939666572958231,0.0,0.16114058355437666,0.0,,,,,,,,,,,,,,,,,,,,,,,,,,,,,,,,,,,,,,,,
,,,,,,,,,,,,,,,,,,,,,694.07,0.18929065763950348,1442,472,188.29183298999996,187016,19,,,,,,,,,,,,,,,,,,,,,,,,,,,,,,,,,
109.54963661171496,-14.867778778076172,0.0,0.0670338049530983,177273,0.0,1.0,119.98976563766492,30.515722589240912,2.043489933013916,0.0,0.3567129238013608,0.0,9.962826614650445e-05,0.0,0,92.38864726455246,0.009387350641191006,0.0,0.046012269938650305,0.0,,,,,,,,,,,,,,,,,,,,,,,,,,,,,,,,,,,,,,,,
215.2572606690228,-14.88731575012207,0.0,0.07765839993953705,178001,0.0,1.0,13.062748897101242,21.281312311006307,1.4783854484558105,0.0,-0.036788164592622595,0.0,9.962682243585095e-05,0.0,0,-26.818571988021873,0.009335227310657501,0.0,0.09532215357458076,0.0,,,,,,,,,,,,,,,,,,,,,,,,,,,,,,,,,,,,,,,,
359.94126684521325,-15.985337257385254,0.0,0.051282964646816254,178995,1.0,0.0,127.57185496054844,26.068671398673427,-2.8355484008789062,0.0,0.30946037174403573,0.0,9.962485123251261e-05,29.90000000000029,0,307.91306988531556,0.009285969659686089,0.0,0.22120343839541548,0.0,,,,,,,,,,,,,,,,,,,,,,,,,,,,,,,,,,,,,,,,
259.665716948919,-15.447086334228516,0.0,0.049975477159023285,179857,0.0,1.0,0.0,21.68483224428749,-0.668274998664856,0.0,0.3551408297536401,0.0,9.962314181449994e-05,37.65,0,306.4865360773914,0.009283224120736122,0.0,0.17155612244897958,0.0,,,,,,,,,,,,,,,,,,,,,,,,,,,,,,,,,,,,,,,,
,,,,,,,,,,,,,,,,,,,,,709.14,0.18881067633628845,1587,476,192.22112006,189858,19,,,,,,,,,,,,,,,,,,,,,,,,,,,,,,,,,
56.15459067514166,-15.501056671142578,0.0,0.0654943436384201,179975,0.0,1.0,0.0,34.13349249715301,-0.000537186861038208,0.0,-0.0028959344977136604,0.0,9.962290781178901e-05,2.3499999999999996,0,-0.3446162052279256,0.009274481795728207,0.0,0.029672045809474232,0.0,,,,,,,,,,,,,,,,,,,,,,,,,,,,,,,,,,,,,,,,
,-15.018228530883789,,0.12222987413406372,179999,,,,,0.17389920353889465,,,,9.96228602180511e-05,,,,0.009279409423470497,,,,,,,,,,,0.42320048809051514,4.551296710968018,31.85013198852539,0.39813756942749023,0.01933032087981701,0.08010706305503845,0.05010746046900749,6.621381759643555,0.11090923845767975,0.20001167058944702,4.061605453491211,0.3910359740257263,40.229976654052734,0.09005531668663025,0.32491564750671387,0.9800900816917419,0.21104508638381958,0.4203298091888428,0.45960092544555664,0.6281802654266357,0.047552742063999176,20.186458587646484,0.46528929471969604,0.13059353828430176,16.47394371032715,0.743079662322998,4.795810222625732,19.82638931274414,10.615179061889648,0.004861423745751381,1.7558573484420776,20.19923210144043,19.143217086791992
439.1428017290309,-16.736900329589844,0.0,0.06532958149909973,181106,1.0,0.0,103.53172938323321,27.949385764501194,0.30268681049346924,0.0,0.36507237701209816,0.0,9.962066496930806e-05,20.450000000000156,0,413.2619307776951,0.009286101907491684,0.0,0.3098871930988719,0.0,,,,,,,,,,,,,,,,,,,,,,,,,,,,,,,,,,,,,,,,
749.9951161984354,-14.392294883728027,0.0,0.09019862115383148,182661,0.0,0.0,362.10053339369176,34.718238976290834,0.6510173082351685,0.0,0.3770243754235351,0.0,9.961758135020604e-05,0.9500000000000003,2,586.6499281590206,0.009250326082110405,0.0,0.3034953111679454,1.0,,,,,,,,,,,,,,,,,,,,,,,,,,,,,,,,,,,,,,,,
1274.9993677632883,-16.094446182250977,0.0,0.05888020247220993,185727,0.0,1.0,385.7294441956143,29.944493516357902,-1.193793773651123,0.0,0.42411005641175653,0.0,9.961150150605716e-05,65.29999999999843,3,1300.7455430148573,0.009195406921207905,0.0,0.7612792689891491,0.0,,,,,,,,,,,,,,,,,,,,,,,,,,,,,,,,,,,,,,,,
,,,,,,,,,,,,,,,,,,,,,759.24,0.18767186999320984,1891,480,212.90768942000005,195728,19,,,,,,,,,,,,,,,,,,,,,,,,,,,,,,,,,
212.10594433918595,-16.83102798461914,0.0,0.08337312191724777,186159,0.0,1.0,61.24470033970479,35.31506444913715,-2.1239309310913086,0.0,0.2908862173025499,0.0,9.96106448698149e-05,8.649999999999988,1,125.95373209200409,0.009220658801496029,0.0,0.11309192200557103,0.0,,,,,,,,,,,,,,,,,,,,,,,,,,,,,,,,,,,,,,,,
173.25062641501427,-16.229019165039062,0.0,0.08539536595344543,186647,0.0,1.0,1.0694606919843608,25.557063481984894,1.1354420185089111,0.0,0.21049635223975127,0.0,9.960967719258681e-05,16.250000000000096,0,102.93271624523837,0.009211456403136253,0.0,0.082010582010582,0.0,,,,,,,,,,,,,,,,,,,,,,,,,,,,,,,,,,,,,,,,
110.37966573610902,-16.760330200195312,0.0,0.10501829534769058,186907,0.0,1.0,86.41436936814743,30.511859985724197,0.808870792388916,0.0,0.2192744032862394,0.0,9.960916162877945e-05,0.0,0,57.23061925770848,0.00920210499316454,0.0,0.0454733360892931,0.0,,,,,,,,,,,,,,,,,,,,,,,,,,,,,,,,,,,,,,,,
1364.9970884853974,-16.88095474243164,0.0,0.08486860990524292,189651,0.0,0.0,234.99041329541268,35.81835200031943,0.12455715239048004,1.0,0.3450243536043104,0.0,9.960372052943172e-05,23.5000000000002,3,947.091850643832,0.009271567687392235,0.0,0.8608590441621294,0.0,,,,,,,,,,,,,,,,,,,,,,,,,,,,,,,,,,,,,,,,
,,,,,,,,,,,,,,,,,,,,,785.08,0.18695534765720367,2091,484,221.81114226000003,199652,19,,,,,,,,,,,,,,,,,,,,,,,,,,,,,,,,,
,-17.143566131591797,,0.12639538943767548,189999,,,,,0.32596343755722046,,,,9.960303048814603e-05,,,,0.009274977259337902,,,,,,,,,,,0.41328543424606323,5.177596569061279,31.482467651367188,0.4188804626464844,0.015891512855887413,0.09258131682872772,0.056938834488391876,6.325753688812256,0.11685968190431595,0.2317541241645813,4.659523010253906,0.38331925868988037,36.89127731323242,0.10070157796144485,0.32503268122673035,0.7998035550117493,0.21091145277023315,0.39537519216537476,0.43532997369766235,0.6255336403846741,0.05548989400267601,21.081825256347656,0.4106985926628113,0.1256881058216095,16.358562469482422,0.7504366636276245,5.312792778015137,19.29206657409668,10.903828620910645,0.004401583224534988,1.8157830238342285,19.67951774597168,21.624286651611328
533.3873459231108,-16.567153930664062,0.0,0.09547004848718643,190915,0.0,1.0,171.1112178098597,30.380003683298572,-0.5665697455406189,0.0,0.28915206774302266,0.0,9.960121418406173e-05,25.550000000000228,2,365.7773656949237,0.009263869374990463,0.0,0.31322634200332045,0.0,,,,,,,,,,,,,,,,,,,,,,,,,,,,,,,,,,,,,,,,
226.81862839963287,-17.357070922851562,0.0,0.07851144671440125,191361,1.0,0.0,92.84600180693995,36.57329221819695,0.43607985973358154,0.0,0.3613553108081236,0.0,9.960032983242122e-05,4.699999999999991,1,161.52582393123126,0.009281900711357594,0.0,0.12871888281724347,0.0,,,,,,,,,,,,,,,,,,,,,,,,,,,,,,,,,,,,,,,,
27.98738791886717,-17.307849884033203,0.0,0.27318304777145386,191467,1.0,0.0,21.399728989581774,18.957991632539148,-1.425650715827942,0.0,0.14434104851898144,0.0,9.960011965077308e-05,1.5500000000000007,0,15.444492191531015,0.009300654754042625,0.0,0.01368570080226522,0.0,,,,,,,,,,,,,,,,,,,,,,,,,,,,,,,,,,,,,,,,
146.12268550880253,-17.73963737487793,0.0,0.12423859536647797,191736,1.0,0.0,0.0,39.05031033844511,0.37492403388023376,0.0,0.35689955997205464,0.0,9.959958626627037e-05,0.65,0,96.36288119245475,0.009294350631535053,0.0,0.08995686999383858,0.0,,,,,,,,,,,,,,,,,,,,,,,,,,,,,,,,,,,,,,,,
,,,,,,,,,,,,,,,,,,,,,788.09,0.1864921897649765,2194,488,224.01950146,201737,19,,,,,,,,,,,,,,,,,,,,,,,,,,,,,,,,,
10.032684823963791,-16.894691467285156,0.0,0.09275375306606293,191781,0.0,1.0,0.0,15.828710679777226,-1.0560234785079956,0.0,-0.5644442593953813,0.0,9.959949703851971e-05,2.25,0,-25.96443593218754,0.009284082800149918,0.0,0.005942733657482442,0.0,,,,,,,,,,,,,,,,,,,,,,,,,,,,,,,,,,,,,,,,
253.61139173805714,-16.984107971191406,0.0,0.1024148017168045,192368,0.0,0.0,142.515693397744,31.09256746962584,-1.8799397945404053,0.0,0.3872822041389276,0.0,9.959833311576314e-05,3.5499999999999954,1,227.72193603368945,0.009348978288471699,0.0,0.122533748701973,1.0,,,,,,,,,,,,,,,,,,,,,,,,,,,,,,,,,,,,,,,,
111.77810860332102,-15.689554214477539,0.0,0.09732919931411743,192674,1.0,0.0,18.227871476114576,26.303723865872076,2.370692729949951,0.0,0.18602701071531935,0.0,9.959772637168722e-05,1.5500000000000007,0,57.11029228960304,0.009364786557853222,0.0,0.056129985228951254,0.0,,,,,,,,,,,,,,,,,,,,,,,,,,,,,,,,,,,,,,,,
419.58244864828885,-17.482131958007812,0.0,0.07838772982358932,193703,1.0,0.0,127.07191295835814,29.351261982606353,-2.1149110794067383,0.0,0.43463631728400254,0.0,9.959568605964524e-05,19.900000000000148,0,447.6754068025226,0.009376403875648975,0.0,0.24439584472389284,0.0,,,,,,,,,,,,,,,,,,,,,,,,,,,,,,,,,,,,,,,,
,,,,,,,,,,,,,,,,,,,,,755.17,0.18614834547042847,2302,492,214.55968816999996,203704,19,,,,,,,,,,,,,,,,,,,,,,,,,,,,,,,,,
22.328391920775175,-16.908124923706055,0.0,0.10869836807250977,193769,0.0,0.0,0.0,24.242114243236777,0.06812214851379395,0.0,-0.20189930183849616,0.0,9.959555519486664e-05,3.2999999999999963,0,-13.527253223179244,0.009375710040330887,0.0,0.010231316725978648,1.0,,,,,,,,,,,,,,,,,,,,,,,,,,,,,,,,,,,,,,,,
322.66464183013886,-17.167335510253906,0.0,0.08897820115089417,194415,0.0,1.0,233.9151319259913,35.93749146659208,-1.0141165256500244,0.0,0.43857392388218686,0.0,9.959427431083809e-05,3.8499999999999943,2,283.7573287517749,0.009420573711395264,0.0,0.13992537313432835,0.0,,,,,,,,,,,,,,,,,,,,,,,,,,,,,,,,,,,,,,,,
656.1168869230896,-16.99756622314453,0.0,0.08798809349536896,196165,1.0,0.0,221.03571839284115,26.998821705142475,1.429172158241272,0.0,0.45912554253689264,0.0,9.959080446535193e-05,43.349999999999675,1,803.9288249820991,0.009545447304844856,0.0,0.4308077645585473,0.0,,,,,,,,,,,,,,,,,,,,,,,,,,,,,,,,,,,,,,,,
307.019474580884,-17.90006446838379,0.0,0.12138168513774872,196745,0.0,1.0,77.72611785746925,38.07597579561596,0.7376891374588013,0.0,0.2758692619837223,0.0,9.958965447282314e-05,4.799999999999991,1,160.28004121254264,0.009570633061230183,0.0,0.16476426799007443,0.0,,,,,,,,,,,,,,,,,,,,,,,,,,,,,,,,,,,,,,,,
,,,,,,,,,,,,,,,,,,,,,778.98,0.1854669749736786,2457,496,225.53351451999995,206746,19,,,,,,,,,,,,,,,,,,,,,,,,,,,,,,,,,
802.6929981124122,-18.020084381103516,0.0,0.10113276541233063,198311,1.0,0.0,227.1076683182445,36.90028728632027,-1.248246431350708,0.0,0.3602045457618634,0.0,9.958654952632769e-05,4.099999999999993,2,564.44052320884,0.009642381221055984,0.0,0.37786774628879893,0.0,,,,,,,,,,,,,,,,,,,,,,,,,,,,,,,,,,,,,,,,
97.09359846450388,-18.1597843170166,0.0,0.10347054898738861,198585,0.0,1.0,74.00341071820036,25.491430009226328,-0.20064832270145416,0.0,0.23481690122680002,0.0,9.958600626482768e-05,0.0,0,64.57464783737001,0.009658205322921276,0.0,0.04668534080298786,0.0,,,,,,,,,,,,,,,,,,,,,,,,,,,,,,,,,,,,,,,,
,-17.616500854492188,,0.09007962048053741,199999,,,,,-1.326505184173584,,,,9.95832027419283e-05,,,,0.009782305918633938,,,,,,,,,,,0.3938957452774048,4.8948564529418945,32.76362228393555,0.4301884174346924,0.02058384194970131,0.092094287276268,0.06547629833221436,6.680282115936279,0.1131884828209877,0.2462473213672638,4.530352592468262,0.361653596162796,36.84851837158203,0.10627060383558273,0.32648134231567383,1.0125715732574463,0.20728066563606262,0.40299147367477417,0.42816483974456787,0.6660282015800476,0.05353228747844696,21.162063598632812,0.450522243976593,0.13579866290092468,16.060447692871094,0.7810450196266174,5.9869866371154785,17.790660858154297,10.3496675491333,0.004927108064293861,1.982872486114502,18.953218460083008,22.516231536865234
584.7259141132236,-16.828636169433594,0.0,0.12122735381126404,200182,0.0,1.0,91.72720888150361,26.36293686876913,-1.2759160995483398,0.0,0.2699583212260838,0.0,9.958283991265543e-05,55.249999999999,1,431.3933973192819,0.009801790118217468,0.0,0.3627684964200477,0.0,,,,,,,,,,,,,,,,,,,,,,,,,,,,,,,,,,,,,,,,
110.73476598598063,-17.142465591430664,0.0,0.09009604156017303,200442,0.0,1.0,118.78312975536652,30.611638011956057,-7.133420467376709,0.0,0.3446094604939794,0.0,9.958232441865601e-05,0.0,0,89.94306918892862,0.00981966033577919,0.0,0.04510361641609102,0.0,,,,,,,,,,,,,,,,,,,,,,,,,,,,,,,,,,,,,,,,
,,,,,,,,,,,,,,,,,,,,,793.01,0.18483172357082367,2658,500,230.85057679999997,210443,19,,,,,,,,,,,,,,,,,,,,,,,,,,,,,,,,,
31.21314847213216,-18.132251739501953,0.0,0.4786669611930847,200520,1.0,0.0,3.432972435815865,28.680520899609906,-0.5436415672302246,0.0,0.28251006875382767,0.0,9.958216977071768e-05,1.1500000000000004,0,22.318295431552386,0.00982416607439518,0.0,0.015311004784688996,0.0,,,,,,,,,,,,,,,,,,,,,,,,,,,,,,,,,,,,,,,,
31.198009556159377,-16.628734588623047,0.0,0.12805595993995667,200605,0.0,1.0,0.0,26.240592793279237,1.806196689605713,0.0,0.004748232514631848,0.0,9.958200124425564e-05,0.0,0,0.40834799625833895,0.0098429499194026,0.0,0.01429230059935454,0.0,,,,,,,,,,,,,,,,,,,,,,,,,,,,,,,,,,,,,,,,
562.4753410010599,-17.108165740966797,0.0,0.1347910612821579,201807,1.0,0.0,102.30679077892479,33.684492504241874,-1.1318061351776123,0.0,0.3431148543532085,0.0,9.95796180971595e-05,27.300000000000253,0,412.7671697869098,0.009869400411844254,0.0,0.3123011664899258,0.0,,,,,,,,,,,,,,,,,,,,,,,,,,,,,,,,,,,,,,,,
294.03899640776217,-17.773283004760742,0.0,0.11780980974435806,202661,0.0,1.0,190.9772896590129,24.783328697926052,0.47704052925109863,0.0,0.22450870681879495,0.0,9.957792493019838e-05,3.649999999999995,0,191.95494433006968,0.00989104900509119,0.0,0.11627906976744186,0.0,,,,,,,,,,,,,,,,,,,,,,,,,,,,,,,,,,,,,,,,
,,,,,,,,,,,,,,,,,,,,,793.76,0.18450240790843964,2773,504,230.82072308,212662,19,,,,,,,,,,,,,,,,,,,,,,,,,,,,,,,,,
