custom/blocked_time,custom/overtakes,train/actor_loss,custom/overtake_reward,custom/routes_completed,custom/total_reward,train/learning_rate,train/critic_loss,train/n_updates,train/ent_coef,custom/avg_speed,custom/mean_reward,custom/total_distance,train/ent_coef_loss,train/std,time/episodes,time/time_elapsed,rollout/ep_rew_mean,time/total_timesteps,time/fps,rollout/ep_len_mean,attention/steer_share/next_angle,attention/steer/cam,attention/steer/next_angle,attention/throttle/maneuver,attention/throttle/lidar,attention/steer/route,attention/steer_share/cam,attention/steer/lidar,attention/throttle/waypoints,attention/throttle/next_angle,attention/steer_share/speed,attention/throttle/sensors,attention/throttle_share/speed,attention/steer_share/lidar,attention/throttle_share/cam,attention/steer_share/maneuver,attention/steer/waypoints,attention/steer_sensors_vs_route,attention/steer/speed,attention/steer/maneuver,attention/throttle/cam,attention/throttle/speed,attention/throttle_share/next_angle,attention/throttle_share/waypoints,attention/throttle/prev_action,attention/steer_share/prev_action,attention/throttle_share/lidar,attention/throttle/route,attention/steer/sensors,attention/throttle_share/maneuver,attention/steer/prev_action,attention/steer_share/waypoints,attention/throttle_share/prev_action
0.0,0,-17.146587371826172,25.08025531813579,0.028272251308900525,28.977241277021832,9.992393399915671e-05,0.21005940437316895,28246,0.062460750341415405,30.113510337887483,0.213067950566337,56.629649206995964,-4.337551593780518,,,,,,,,,,,,,,,,,,,,,,,,,,,,,,,,,,,,,,,,
0.0,0,-15.404377937316895,108.54015154167767,0.2495982860203535,280.2823476011066,9.992154187048798e-05,0.048050835728645325,29449,0.05529555678367615,26.525401849695395,0.23279264750922476,443.2265837593004,-8.612264633178711,,,,,,,,,,,,,,,,,,,,,,,,,,,,,,,,,,,,,,,,
0.0,0,-13.944957733154297,0.0,0.029698769622401356,9.262736468971305,9.992117798311252e-05,0.10586829483509064,29632,0.054252516478300095,27.18428904771325,0.050340959070496225,69.27515726722777,-7.691137313842773,,,,,,,,,,,,,,,,,,,,,,,,,,,,,,,,,,,,,,,,
14.050000000000065,0,-14.226694107055664,0.0,0.04938271604938271,21.86130866693469,9.992061922838423e-05,0.054457347840070724,29913,0.052794523537158966,24.478741419507468,0.07752237115934288,95.6583535047248,-6.96616268157959,,,,,,,,,,,,,,,,,,,,,,,,,,,,,,,,,,,,,,,,
,,,,,,,,,,,,,,0.22052721679210663,228,167,49.535472340000005,39914,10,297.48,,,,,,,,,,,,,,,,,,,,,,,,,,,,,,,,,
,,-14.12474536895752,,,,9.992044822191285e-05,0.23616808652877808,29999,0.05236835032701492,,,,-6.152576446533203,,,,,,,,1.3306266069412231,0.4517284035682678,0.01997414045035839,0.02243153750896454,0.10036284476518631,0.4197036027908325,30.093002319335938,0.12321699410676956,0.02055901475250721,0.002663602354004979,4.278757572174072,0.2711925506591797,10.533313751220703,8.208403587341309,47.25883865356445,7.618546962738037,0.3683686852455139,1.1585878133773804,0.06422876566648483,0.11436259746551514,0.19874119758605957,0.04429654777050018,0.6333802342414856,4.8887457847595215,0.031482845544815063,23.930877685546875,23.865365982055664,0.037981174886226654,0.4862634837627411,5.334014415740967,0.3592282831668854,24.5397891998291,7.486332416534424
0.0,0,-13.22675895690918,193.64857153708127,0.23425692695214106,343.8569416773753,9.991730848969965e-05,0.08575205504894257,31578,0.04529595747590065,25.114101532509935,0.20639672369590353,580.76528204442,-7.5363264083862305,,,,,,,,,,,,,,,,,,,,,,,,,,,,,,,,,,,,,,,,
3.7499999999999947,0,-13.153879165649414,0.0,0.03516028955532575,44.63078387103157,9.991699034354005e-05,0.09030793607234955,31738,0.04460947960615158,31.554616066418497,0.2772098377082706,70.3622683705762,-6.041999816894531,,,,,,,,,,,,,,,,,,,,,,,,,,,,,,,,,,,,,,,,
0.0,0,-12.81357479095459,0.0,0.014964216005204945,-1.9653296285110233,9.991684121270298e-05,0.04866980016231537,31813,0.04431312531232834,21.624608359342325,-0.025859600375145043,22.586931967176497,-5.544186592102051,,,,,,,,,,,,,,,,,,,,,,,,,,,,,,,,,,,,,,,,
0.0,0,-13.065732955932617,141.46149849688817,0.1088560885608856,122.4937634410557,9.991587285918876e-05,0.05831213295459747,32300,0.04244387522339821,24.04504539648541,0.25101181033003217,162.76919934013858,-6.216314792633057,,,,,,,,,,,,,,,,,,,,,,,,,,,,,,,,,,,,,,,,
,,,,,,,,,,,,,,0.21987992525100708,232,377,54.91208841999999,42301,11,318.78,,,,,,,,,,,,,,,,,,,,,,,,,,,,,,,,,
0.0,0,-12.917659759521484,102.12468579819163,0.04140885292717753,138.62671735759065,9.991465993844216e-05,0.033694200217723846,32910,0.040274038910865784,10.903220318474322,0.22688497112535294,92.42808905185666,-7.014442443847656,,,,,,,,,,,,,,,,,,,,,,,,,,,,,,,,,,,,,,,,
0.0,0,-12.807220458984375,147.4979998641607,0.21021820117083556,286.0439010841924,9.991297776880112e-05,0.08111608028411865,33756,0.037332724779844284,31.504889744324036,0.33771416893056955,370.33241419121623,-5.212731838226318,,,,,,,,,,,,,,,,,,,,,,,,,,,,,,,,,,,,,,,,
0.44999999999999996,0,-12.905031204223633,19.429661159319227,0.170059093893631,152.71898909262333,9.991206709661186e-05,0.06546878814697266,34214,0.03575670346617699,39.77635842829776,0.3327211091342556,253.22938378434628,-5.643983840942383,,,,,,,,,,,,,,,,,,,,,,,,,,,,,,,,,,,,,,,,
0.44999999999999996,0,-13.18991756439209,0.0,0.017263703064307294,-2.8392484554193373,9.991184638847779e-05,0.1091749370098114,34325,0.03539006784558296,25.69633096012098,-0.025350432637672653,39.76302962237969,-7.85798454284668,,,,,,,,,,,,,,,,,,,,,,,,,,,,,,,,,,,,,,,,
,,,,,,,,,,,,,,0.21944524347782135,236,564,60.748700830000004,44326,10,335.2,,,,,,,,,,,,,,,,,,,,,,,,,,,,,,,,,
0.0,0,-13.820123672485352,0.0,0.0399529964747356,21.419528060716445,9.991153222777257e-05,0.09768620133399963,34483,0.034870248287916183,31.168576971980027,0.13471401296048077,68.57862966321409,-6.607224464416504,,,,,,,,,,,,,,,,,,,,,,,,,,,,,,,,,,,,,,,,
65.14999999999844,0,-15.81344985961914,439.51215953977976,0.6772679874869656,984.4707352590989,9.990479777557741e-05,0.06125257909297943,37870,0.02553284913301468,26.070528251411993,0.29057577782145777,1226.153555030236,-3.9166297912597656,,,,,,,,,,,,,,,,,,,,,,,,,,,,,,,,,,,,,,,,
0.5499999999999999,0,-15.177505493164062,0.0,0.017892644135188866,2.931721509539848,9.990464865388536e-05,0.11892230808734894,37945,0.025356166064739227,25.90054350722327,0.03857528302026116,27.15068151988089,-10.005145072937012,,,,,,,,,,,,,,,,,,,,,,,,,,,,,,,,,,,,,,,,
2.499999999999999,0,-15.407543182373047,36.95344473820505,0.08116883116883117,146.8651958005289,9.990388117601289e-05,0.14353585243225098,38331,0.02445673756301403,32.298585673551905,0.3794966299755269,173.3883702158928,-5.61345100402832,,,,,,,,,,,,,,,,,,,,,,,,,,,,,,,,,,,,,,,,
,,,,,,,,,,,,,,0.2186545580625534,240,939,72.46482608,48332,10,372.24,,,,,,,,,,,,,,,,,,,,,,,,,,,,,,,,,
0.0,0,-15.738740921020508,0.0,0.021255561047948592,19.552613648318804,9.990367837147412e-05,0.1164679229259491,38433,0.024240536615252495,30.107408431253965,0.1898312004691146,42.897248923778534,-6.92869758605957,,,,,,,,,,,,,,,,,,,,,,,,,,,,,,,,,,,,,,,,
0.0,0,-15.716543197631836,0.0,0.039085989176187615,48.74901567427766,9.99034159188487e-05,0.07206650078296661,38565,0.023955168202519417,35.010141354810685,0.3665339524381779,64.48873547744006,-3.175529956817627,,,,,,,,,,,,,,,,,,,,,,,,,,,,,,,,,,,,,,,,
2.3999999999999995,0,-15.917826652526855,8.23041628389605,0.17846693973083674,112.03551556608014,9.990212752007651e-05,0.07554709911346436,39213,0.022588493302464485,32.506107483864476,0.1726279130448076,292.48480684449896,-4.3161420822143555,,,,,,,,,,,,,,,,,,,,,,,,,,,,,,,,,,,,,,,,
4.6499999999999915,0,-14.843194961547852,0.0,0.054567749846719804,25.916361501157404,9.99017398091174e-05,0.31476515531539917,39408,0.022182293236255646,32.68971261923223,0.1322263341895786,88.75210528215393,-5.605500221252441,,,,,,,,,,,,,,,,,,,,,,,,,,,,,,,,,,,,,,,,
,,,,,,,,,,,,,,0.2184574455022812,244,1036,74.79199817,49409,10,380.09,,,,,,,,,,,,,,,,,,,,,,,,,,,,,,,,,
,,-14.383515357971191,,,,9.990056475129063e-05,0.09597036242485046,39999,0.02106187678873539,,,,-5.893710136413574,,,,,,,,1.6266642808914185,0.5174330472946167,0.02675241231918335,0.04885365813970566,0.10083933174610138,0.42950159311294556,31.462203979492188,0.18432025611400604,0.036788925528526306,0.0031283798161894083,7.525146484375,0.40280675888061523,18.132518768310547,11.20748233795166,46.23346710205078,4.208681583404541,0.3994235396385193,1.3590984344482422,0.1237599104642868,0.06921672821044922,0.3649924695491791,0.14314810931682587,0.396270751953125,4.660039901733398,0.09170424938201904,19.683120727539062,12.77328109741211,0.07531988620758057,0.583734929561615,6.188275337219238,0.3237121105194092,24.286706924438477,11.616144180297852
0.0,0,-14.690793991088867,173.18590511591773,0.05728924080111784,171.8265676916995,9.99000796194589e-05,0.10225186496973038,40243,0.02060871571302414,11.453463482656458,0.20553417188002332,132.82950551355316,-6.309064865112305,,,,,,,,,,,,,,,,,,,,,,,,,,,,,,,,,,,,,,,,
1.6000000000000008,0,-14.791891098022461,0.0,0.09094865100087032,108.15259981481661,9.989916701811474e-05,0.28750064969062805,40702,0.01977800391614437,31.6561424533576,0.23511434742351436,201.91449440037832,-8.73639965057373,,,,,,,,,,,,,,,,,,,,,,,,,,,,,,,,,,,,,,,,
0.0,0,-15.408797264099121,82.54980544242805,0.03705337450374945,59.176288139847074,9.989873358364958e-05,0.0870424211025238,40920,0.019416730850934982,27.462689955367782,0.27021136136916474,83.28890255093575,-5.429689884185791,,,,,,,,,,,,,,,,,,,,,,,,,,,,,,,,,,,,,,,,
0.0,0,-14.161022186279297,119.08699445715958,0.04906771344455348,97.56025304262285,9.989806553971916e-05,0.0734238401055336,41256,0.0188678540289402,22.832802754290782,0.2894962998297414,106.64841914363205,-4.65077018737793,,,,,,,,,,,,,,,,,,,,,,,,,,,,,,,,,,,,,,,,
,,,,,,,,,,,,,,0.2179081290960312,248,1206,79.44107206999999,51257,10,396.09,,,,,,,,,,,,,,,,,,,,,,,,,,,,,,,,,
0.0,0,-15.16828727722168,288.9269774577427,0.14140969162995595,290.7169084634823,9.98962304186901e-05,0.06498682498931885,42179,0.0174516960978508,25.914947358873214,0.31462868881329253,332.26358059141785,-3.9186320304870605,,,,,,,,,,,,,,,,,,,,,,,,,,,,,,,,,,,,,,,,
2.9999999999999973,0,-14.812904357910156,114.51010914004816,0.09991235758106924,163.74568386791069,9.989519456695428e-05,0.12651684880256653,42700,0.01673218421638012,33.341582834544106,0.31368904955538446,241.46329441294074,-4.812932014465332,,,,,,,,,,,,,,,,,,,,,,,,,,,,,,,,,,,,,,,,
0.0,0,-14.780759811401367,0.0,0.05541433655312659,51.13932414877354,9.98947671057191e-05,0.1312122344970703,42915,0.01646624319255352,37.519120668306655,0.236756130318396,112.38469364028424,-1.3813589811325073,,,,,,,,,,,,,,,,,,,,,,,,,,,,,,,,,,,,,,,,
2.5999999999999988,0,-15.056453704833984,0.0,0.04339378238341969,11.14426450303317,9.989450068848403e-05,0.11646055430173874,43049,0.016315609216690063,35.9332383143869,0.08255010742987534,67.1529673403129,-6.289823055267334,,,,,,,,,,,,,,,,,,,,,,,,,,,,,,,,,,,,,,,,
,,,,,,,,,,,,,,0.2172032743692398,252,1362,84.90074894000001,53050,10,411.51,,,,,,,,,,,,,,,,,,,,,,,,,,,,,,,,,
1.0000000000000002,0,-15.775349617004395,18.192539635980072,0.05608591885441527,58.52374861762668,9.98940632878276e-05,0.11504960060119629,43269,0.01604613848030567,30.869258251288457,0.2648133421612067,94.42999883834273,-7.4546356201171875,,,,,,,,,,,,,,,,,,,,,,,,,,,,,,,,,,,,,,,,
2.8999999999999977,0,-15.505876541137695,1.9674905180211877,0.015212527964205816,17.686534439496654,9.98938485642212e-05,0.09870963543653488,43377,0.015920212492346764,22.460568899240254,0.16226178384859316,33.83660655817948,-7.121949672698975,,,,,,,,,,,,,,,,,,,,,,,,,,,,,,,,,,,,,,,,
12.950000000000049,0,-15.801467895507812,337.04339731658513,0.5256723716381418,753.4820684810174,9.988900342747076e-05,0.07682894170284271,45814,0.013451915234327316,24.483323333810958,0.30905745220714415,828.6203098814003,0.3161797523498535,,,,,,,,,,,,,,,,,,,,,,,,,,,,,,,,,,,,,,,,
1.3500000000000005,0,-16.319992065429688,107.09366276333954,0.054575986565911,111.63581755961255,9.988818034252369e-05,0.0721072107553482,46228,0.013107304461300373,22.48973103460326,0.2690019700231628,129.39398497412913,-1.808199405670166,,,,,,,,,,,,,,,,,,,,,,,,,,,,,,,,,,,,,,,,
,,,,,,,,,,,,,,0.21588145196437836,256,1672,94.59189295999998,56229,10,440.81,,,,,,,,,,,,,,,,,,,,,,,,,,,,,,,,,
0.0,0,-15.78026008605957,14.670119802125653,0.011397720455908818,-8.188485752503077,9.98880371976634e-05,0.15020892024040222,46300,0.013037409633398056,21.041860198841817,-0.1121710377055216,21.133093032985926,-4.540716171264648,,,,,,,,,,,,,,,,,,,,,,,,,,,,,,,,,,,,,,,,
0.0,0,-15.889984130859375,0.0,0.2483262325015216,165.24700247182585,9.988616439523821e-05,0.0893404483795166,47242,0.012255433946847916,30.766788851781087,0.1752354214971642,402.6461030486971,-0.5055644512176514,,,,,,,,,,,,,,,,,,,,,,,,,,,,,,,,,,,,,,,,
0.0,0,-15.773579597473145,0.0,0.016853932584269662,9.961300123532325,9.988600733511492e-05,0.5830220580101013,47321,0.012192058376967907,30.218743031035945,0.12451625154415406,33.2880772203207,-1.0040595531463623,,,,,,,,,,,,,,,,,,,,,,,,,,,,,,,,,,,,,,,,
0.0,0,-15.596768379211426,0.0,0.01423785594639866,8.547850677605211,9.98858462989148e-05,0.10406758636236191,47402,0.012136897072196007,28.69024671452945,0.10424208143420989,32.47418937180191,-0.047955721616744995,,,,,,,,,,,,,,,,,,,,,,,,,,,,,,,,,,,,,,,,
,,,,,,,,,,,,,,0.2152697741985321,260,1782,96.61665094,57403,10,450.19,,,,,,,,,,,,,,,,,,,,,,,,,,,,,,,,,
4.299999999999993,0,-16.242046356201172,0.0,0.03882418191902385,40.3666625329809,9.988555007217138e-05,0.16197720170021057,47551,0.01203442644327879,33.69912799465221,0.26911108355320595,69.99543431517668,-2.685572624206543,,,,,,,,,,,,,,,,,,,,,,,,,,,,,,,,,,,,,,,,
36.45000000000007,0,-15.964385986328125,155.48554619078365,0.19744058500914077,343.45018228619426,9.988309876310905e-05,0.0757787823677063,48784,0.011238429695367813,23.83356941966467,0.27832267608281547,408.18063798267394,-2.1833267211914062,,,,,,,,,,,,,,,,,,,,,,,,,,,,,,,,,,,,,,,,
7.649999999999981,0,-15.596122741699219,4.390890162637906,0.06681922196796339,53.74548252912666,9.988252421085698e-05,0.12838053703308105,49073,0.011055312119424343,33.52751591281929,0.18532925010043677,134.79340341687202,-0.6910282373428345,,,,,,,,,,,,,,,,,,,,,,,,,,,,,,,,,,,,,,,,
0.0,0,-16.097505569458008,0.0,0.08115015974440895,37.93762155833758,9.988201725436672e-05,0.0834776759147644,49328,0.010924571193754673,35.828118679241406,0.14819383421225618,127.14382792497054,-0.9637380838394165,,,,,,,,,,,,,,,,,,,,,,,,,,,,,,,,,,,,,,,,
,,,,,,,,,,,,,,0.21453262865543365,264,1957,101.57516149000001,59329,10,466.6,,,,,,,,,,,,,,,,,,,,,,,,,,,,,,,,,
0.0,0,-16.226015090942383,109.67601834303126,0.05488565488565489,128.44930768303055,9.988133932633572e-05,0.13470496237277985,49669,0.010742506012320518,28.21998981642431,0.3755827710030133,133.76246897084638,-4.594722747802734,,,,,,,,,,,,,,,,,,,,,,,,,,,,,,,,,,,,,,,,
,,-15.621559143066406,,,,9.988068326915241e-05,0.08044660091400146,49999,0.010576583445072174,,,,-2.816784381866455,,,,,,,,1.8751386404037476,0.6418447494506836,0.03580737113952637,0.048054039478302,0.12074152380228043,0.4407421350479126,33.61173629760742,0.2721838653087616,0.05019392818212509,0.004597021732479334,6.808044910430908,0.4128601551055908,20.241153717041016,14.253559112548828,43.380672454833984,4.049894332885742,0.41186124086380005,1.6486594676971436,0.13000541925430298,0.07733618468046188,0.3769991397857666,0.17590545117855072,0.5289717316627502,5.775733470916748,0.09255748987197876,17.833528518676758,13.893528938293457,0.08561044931411743,0.7266336679458618,5.529499530792236,0.3405464291572571,21.568098068237305,10.65043830871582
3.1999999999999966,0,-16.029468536376953,63.49662787238894,0.09063625450180073,89.83704318309124,9.988064152013222e-05,0.10601838678121567,50020,0.010566209442913532,30.15868543171582,0.2552188726792365,147.2422314537689,1.808284878730774,,,,,,,,,,,,,,,,,,,,,,,,,,,,,,,,,,,,,,,,
16.6000000000001,0,-15.275837898254395,0.0,0.07959961868446139,58.196316548360755,9.987977075685265e-05,0.12509112060070038,50458,0.01034500077366829,25.533181255888493,0.13256564134022952,155.43688500393182,-1.0606106519699097,,,,,,,,,,,,,,,,,,,,,,,,,,,,,,,,,,,,,,,,
